date,Global_active_energy_kWh,Global_reactive_energy_kWh,Voltage,Global_intensity,Sub_metering_1_Wh,Sub_metering_2_Wh,Sub_metering_3_Wh,next_day_energy_kWh
2008-07-22,12.337366666666666,2.6854666666666662,239.6703055555556,2.272638888888889,0.0,430.0,4886.0,15.7105
2010-02-11,22.829466666666665,2.069166666666666,244.51238194444443,3.9073611111111113,0.0,330.0,9916.0,31.549966666666663
2007-02-03,67.16203333333333,4.097066666666666,238.91019444444444,11.81597222222222,4746.000000000001,4573.0,17834.0,59.93233333333333
2007-05-25,26.903666666666663,2.9098,234.44720138888889,4.863472222222222,8059.999999999999,586.0,6539.0,25.20413333333333
2007-10-27,29.761466666666667,1.8197666666666656,240.2012083333333,5.309166666666667,1374.0,4855.999999999999,8949.0,8.535966666666665
2009-12-09,30.039266666666663,3.126566666666666,242.40731944444445,5.249861111111112,2054.0,3355.0000000000005,7971.0,34.32028045977012
2009-10-15,24.832933333333333,2.327199999999999,241.1221319444444,4.324305555555555,1629.0,463.0,9641.0,25.281
2009-08-22,25.8123,6.963899999999999,241.12323611111108,4.760694444444444,4544.0,3203.0,8549.0,17.778466666666667
2008-12-06,42.06393333333333,3.1357333333333326,241.1365625,7.358333333333333,4005.0,5749.0,9048.0,41.11233333333333
2009-11-08,41.80003333333333,3.778133333333332,243.25039583333333,7.242777777777778,4941.0,2074.9999999999995,14871.0,23.46298079096045
2009-09-12,34.405966666666664,5.419933333333333,240.7070486111111,6.142499999999999,9583.0,1202.0,12601.0,26.19477062146893
2009-10-01,21.4542,3.0902666666666656,241.5295208333333,3.786666666666667,950.0,602.0,9433.0,19.211133333333333
2007-10-23,32.65067471264368,2.13081264367816,241.2305620210728,5.717040229885058,1067.0,5191.758620689655,10683.448275862069,31.09393333333333
2010-03-23,30.369366666666668,3.110566666666666,241.1662986111111,5.370416666666667,2891.9999999999995,1153.0,13107.0,33.245866666666664
2008-04-16,24.817733333333333,2.098399999999999,241.7443888888889,4.316111111111112,838.0,403.0,11322.0,23.264366666666668
2010-03-24,33.245866666666664,3.492633333333332,240.72467361111111,5.801944444444445,1075.0,5832.0,12816.999999999998,27.998066666666663
2008-12-14,33.36866666666667,2.7335666666666656,241.6227986111111,5.8815277777777775,3742.000000000001,2496.9999999999995,5415.0,29.924166666666668
2010-01-16,35.8352,4.041966666666665,243.04523611111108,6.219722222222223,2605.0,2414.9999999999995,13652.0,31.77593333333333
2010-11-21,15.015166666666667,1.993733333333332,241.1801944444444,2.637916666666667,0.0,506.0,4778.0,34.0256
2010-11-07,27.896933333333333,2.9162666666666657,238.4364861111111,4.965972222222223,1026.0,621.0,6943.0,30.425666666666668
2008-01-07,28.263566666666662,1.936199999999999,240.7439375,4.915277777777778,1288.0,281.99999999999994,10294.0,34.05916666666666
2008-05-30,23.2874,3.036966666666665,240.55369444444443,4.202916666666667,0.0,3019.0,11297.999999999998,27.35783333333333
2008-05-10,31.8188,4.830233333333332,240.08622916666664,5.636388888888889,6950.0,612.0,11714.0,26.848666666666663
2008-07-04,15.700333333333331,3.1355333333333326,240.17965277777776,2.828333333333333,0.0,589.0,8301.999999999998,24.4848
2007-08-21,10.709266666666666,2.621799999999999,240.5730555555556,1.9611111111111112,0.0,37.99999999999999,3296.0,20.163466666666665
2009-08-27,12.4911,4.186766666666666,241.638125,2.317638888888889,0.0,664.0,4283.0,18.647366666666667
2009-09-26,25.937566666666665,4.800699999999999,241.1785069444444,4.585277777777778,1943.0,571.0,14581.0,23.507866666666665
2008-10-31,21.430533333333333,1.7391333333333323,241.32977083333333,3.766388888888889,0.0,312.0,10483.0,13.841633333333332
2009-02-20,31.3456,2.4505999999999992,240.19070833333333,5.535,2897.0,293.0,8768.0,21.9364
2009-03-12,31.45433333333333,2.246199999999999,241.9984236111111,5.457916666666667,0.0,364.0,13654.999999999998,24.092
2010-09-09,20.645233333333334,2.799233333333333,240.60321527777776,3.701666666666666,1813.0,2128.0,7016.0,22.13513333333333
2010-02-24,31.904633333333333,2.5021333333333327,241.46579861111115,5.523055555555556,2260.0000000000005,1682.0,14314.999999999998,31.33673333333333
2008-02-05,41.2076,2.5464333333333324,240.97691666666665,7.210555555555556,1097.9999999999998,7802.999999999999,13717.0,27.825666666666667
2009-02-13,28.16703333333333,1.8197666666666656,241.6933333333333,4.891805555555556,1100.0,254.0,11554.0,38.92675632183908
2007-02-09,27.0033,2.6344333333333325,241.7404444444444,4.727222222222222,0.0,3045.0,9770.0,47.15546666666667
2009-07-29,15.033333333333331,3.0911333333333326,241.5004722222222,2.711388888888889,869.0,749.0,7548.999999999999,13.205433333333332
2007-10-29,9.090466666666666,1.4499666666666655,241.19330555555555,1.5744444444444443,0.0,268.99999999999994,2749.0,13.5168
2009-03-19,19.858866666666668,1.940199999999999,242.7762777777777,3.424861111111112,0.0,314.0,9458.0,24.398433333333333
2007-04-05,30.73463333333333,4.075633333333332,241.17310416666663,5.491527777777777,1086.0,4277.0,10523.0,26.685666666666663
2009-03-10,30.6035,1.9150333333333325,241.8284375,5.340694444444445,0.0,281.0,11610.0,40.0984
2009-09-08,18.104233333333333,3.336733333333332,241.35160416666665,3.224305555555556,1002.0,576.9999999999999,8533.0,25.355733333333333
2009-06-20,18.451666666666664,2.9842666666666657,241.4845833333333,3.2494444444444444,0.0,2657.0,9158.999999999998,14.252366666666669
2008-03-12,29.570533333333334,2.303233333333333,241.0572083333333,5.172222222222222,1120.0,2374.0,11042.0,27.92523333333333
2010-09-23,24.164366666666663,2.7489666666666657,240.7245,4.227777777777778,1021.0,754.9999999999999,12002.0,22.1332
2007-10-13,32.11213333333333,2.086733333333332,238.76540972222224,5.700694444444444,969.0,3799.0,8463.0,34.3542
2009-09-01,16.342266666666667,3.617866666666666,241.22110416666663,2.9940277777777777,0.0,696.9999999999999,6073.0,20.380233333333333
2010-06-05,33.49406666666667,4.899833333333333,241.1003819444444,6.095138888888889,10932.0,1253.0,12223.0,29.1132
2008-09-03,23.14143333333333,2.9881333333333324,240.0294583333333,4.118611111111111,1326.0,1902.0,10212.999999999998,20.42033333333333
2007-10-03,21.3409,2.6289666666666656,239.2610694444444,3.8,979.0,5024.0,3692.000000000001,25.30763333333333
2010-09-29,28.073766666666668,2.3234999999999992,241.2234097222222,4.879166666666666,1579.0,648.0,13047.0,20.80463333333333
2008-09-30,22.916766666666668,2.5848666666666658,240.5837708333333,4.024722222222223,998.0,359.99999999999994,7415.0,31.20606666666667
2007-04-22,37.228566666666666,4.4532333333333325,239.60888194444445,6.688472222222223,4264.0,2287.0,11102.0,17.5761
2008-02-19,35.4486,2.292799999999999,241.0101319444444,6.219722222222223,1881.0,4711.0,11200.0,37.56316666666667
2009-01-04,32.33323333333333,2.7889666666666657,244.8224305555556,5.633194444444444,1457.0,5251.0,3244.9999999999995,26.73333333333333
2010-10-12,26.3282,2.837799999999999,240.2606736111111,4.681388888888889,1104.0,780.0,9812.0,34.564766666666664
2009-11-16,25.24113333333333,2.619899999999999,241.884875,4.403194444444445,2021.0,545.0,9354.0,28.471566666666668
2007-06-09,18.716459564164648,3.9543886198547207,240.6594947538337,3.357500168146355,852.0169491525423,666.2736077481841,7150.0,22.346866666666667
2010-11-17,26.3672,2.365266666666666,241.4522430555556,4.6312500000000005,1153.0,491.0,8915.0,27.535866666666667
2007-11-30,38.86213333333333,2.454666666666666,243.48775,6.757222222222222,0.0,7941.0,13601.0,52.24903333333334
2008-09-24,28.639166666666664,2.891199999999999,240.12579166666663,5.031666666666667,2019.0,4730.0,10547.999999999998,18.853666666666665
2007-07-18,12.618033333333331,2.608566666666665,231.08822916666668,2.386805555555556,909.0,671.0,4628.0,11.2981
2009-09-11,20.235766666666667,3.056299999999999,241.1499930555556,3.565555555555555,0.0,631.0,11693.0,34.405966666666664
2007-05-10,11.798066666666664,2.8052333333333324,235.7962569444444,2.2068055555555555,946.0,534.0,3261.0,16.319233333333333
2009-10-18,25.936066666666665,2.377399999999999,240.75084027777777,4.500555555555556,711.9999999999999,499.0,11144.0,22.818466666666662
2009-08-18,18.009966666666667,4.112066666666665,240.8264861111111,3.258194444444445,2306.0,1440.0,6324.0,14.679033333333331
2009-08-31,21.092033333333333,3.6553,238.74290277777777,3.822361111111111,960.0,677.9999999999999,9974.0,16.342266666666667
2008-01-05,36.38746666666667,2.1577333333333324,238.8229444444445,6.446805555555556,2113.0,286.0,14591.0,30.419733333333333
2008-12-01,26.9423,1.977966666666665,243.44584027777776,4.758472222222222,1085.0,309.0,9013.0,29.890733333333333
2007-07-08,18.151333333333334,3.281999999999999,240.3388958333333,3.2893055555555555,1825.0,2831.0,5277.0,19.6693
2008-05-01,9.600233333333332,2.511599999999999,241.4462638888889,1.7023611111111112,0.0,529.9999999999999,2585.9999999999995,24.9628
2009-05-20,21.78603333333333,3.039699999999999,241.31970833333327,3.8394444444444447,1060.9999999999998,1889.0,9470.0,26.2525
2010-10-18,45.2314,4.353066666666666,241.81618055555555,7.903333333333333,2234.0,10218.0,16381.999999999998,32.09963333333334
2009-04-15,20.2677,3.1814333333333327,241.32070833333333,3.610972222222223,1880.0,463.0,5278.0,26.0754
2006-12-27,25.479333333333333,2.981699999999999,243.76736111111111,4.5175,0.0,314.0,6976.0,34.54396666666666
2007-05-17,20.530266666666662,2.1864666666666657,235.8684583333333,3.720972222222222,1014.0,2073.0,7687.0,27.192166666666665
2009-09-15,24.2801,3.071266666666666,240.99238194444445,4.285,1769.0,559.9999999999999,8644.0,29.0527
2007-09-29,38.27536666666666,3.035366666666665,239.1401111111111,6.7931944444444445,4085.0,7457.0,8190.0,25.2715
2007-10-15,21.1055,1.9696999999999991,239.2927083333333,3.721944444444445,1061.0,338.9999999999999,7654.0,32.7407
2010-01-17,31.77593333333333,3.149766666666665,242.54300694444444,5.521527777777777,1992.0,298.0,15044.0,31.35163333333333
2007-10-08,18.25403333333333,2.031599999999999,239.0965486111111,3.231111111111112,0.0,420.0,5082.0,28.130966666666662
2008-08-29,4.459799999999999,2.853099999999999,240.33545138888888,0.875,0.0,430.0,1599.0,4.507066666666666
2010-05-26,23.1314,4.026833333333332,239.54319444444445,4.185,914.0,4500.0,8530.0,22.0557
2009-01-21,28.990566666666663,2.1340666666666657,244.1051875,4.992916666666667,1148.0,2159.0,9830.0,20.6226
2008-07-16,17.95103333333333,3.441033333333333,240.59338194444445,3.236805555555556,1537.0,2799.0,4978.0,21.985366666666668
2008-06-21,28.90423333333333,3.983799999999999,239.4634097222222,5.134166666666666,940.0,5823.0,12828.0,26.10693333333333
2007-11-17,43.50156666666667,2.800499999999999,240.6034236111111,7.598888888888889,2588.0,2199.0,14990.0,36.39763333333333
2007-11-09,36.1871,1.8873666666666653,238.7154375,6.367222222222222,0.0,4573.0,15375.0,43.52666666666666
2010-09-22,25.17323333333333,3.1388333333333325,240.6550277777777,4.468055555555556,2471.9999999999995,1167.0,11768.0,24.164366666666663
2007-12-30,42.6486,2.973933333333332,242.09917361111107,7.465694444444444,3595.0000000000005,3596.9999999999995,13485.0,36.942366666666665
2010-05-19,23.7792,2.520899999999999,241.60104166666667,4.17625,2122.0,659.0,9864.0,19.23163333333333
2007-05-05,26.050866666666664,2.901699999999999,235.03502083333333,4.736111111111112,2913.0,2493.0,11303.0,35.035066666666665
2009-06-16,25.14653333333333,3.5364666666666658,240.8311805555556,4.484861111111111,2983.0,1221.0,13690.999999999998,16.466933333333333
2008-02-21,27.230833333333333,1.8712333333333329,240.7503888888889,4.788472222222223,0.0,307.0,8523.0,28.876066666666667
2010-09-13,17.938666666666666,3.163299999999999,241.15527083333333,3.241111111111111,1301.0,798.0,6710.0,23.84463333333333
2010-04-21,26.3319,2.640099999999999,241.93004166666665,4.556111111111111,0.0,634.9999999999999,12901.999999999998,24.3484
2008-07-27,19.123266666666662,3.885633333333333,238.4711597222222,3.5125,1063.0,858.0,8385.0,13.7634
2008-06-27,29.25253333333333,4.366799999999999,238.9349861111111,5.236666666666667,4159.0,2372.0,10163.0,20.14666666666667
2010-08-06,8.745766666666666,2.7430666666666657,240.9532361111111,1.603611111111111,0.0,507.0,3947.0,8.791266666666667
2007-05-28,27.29113333333333,2.518333333333332,234.90657638888888,4.921944444444445,4554.0,473.0,9586.0,17.689
2010-05-07,27.400066666666667,2.4193999999999987,237.4958958333333,4.8156944444444445,1052.9999999999998,332.0,13602.0,25.557033333333333
2008-05-17,27.624233333333333,4.598266666666666,239.47286111111111,4.951527777777778,2158.0,935.0,12472.0,30.065966666666668
2010-04-13,25.21173333333333,2.8523333333333323,241.735125,4.392222222222222,1097.0,646.0,13033.0,27.672733333333333
2010-07-14,23.4912,4.141333333333333,240.34191666666663,4.260555555555555,1064.0,598.0,7575.0,27.23402937853108
2010-05-10,24.464866666666666,2.404966666666666,240.9984097222222,4.260138888888889,0.0,403.0,12893.0,26.189466666666664
2008-03-03,17.3425,1.9055666666666653,240.3519861111112,2.9775,0.0,2207.0,1755.0,27.8165
2009-07-26,9.050266666666666,3.9966333333333326,242.65740277777772,1.7173611111111111,0.0,1019.0,3799.0,11.4761
2008-06-01,30.8146,3.755666666666666,240.6231805555556,5.423194444444444,1906.0,544.9999999999999,11307.0,17.900199999999998
2009-05-13,20.7733,2.8594333333333326,240.63597916666663,3.707361111111111,1419.0,553.0,7127.0,26.783066666666667
2009-07-30,13.205433333333332,3.303433333333332,242.4390138888889,2.4106944444444447,0.0,2304.0,4040.0,16.263833333333334
2010-03-13,39.71683333333333,4.422699999999999,241.9969375,6.905,2848.0,5534.0,17973.0,26.1119
2008-12-31,32.736466666666665,2.1545333333333323,243.2966180555556,5.6876388888888885,2974.9999999999995,246.00000000000003,11860.0,23.444866666666663
2007-03-23,21.8168,1.9914666666666656,241.64547916666663,3.80375,1127.0,777.0,8369.0,49.47383333333333
2008-07-10,20.8546,4.004033333333332,239.86775694444444,3.743472222222222,982.0,552.0,8186.0,20.9036
2009-12-18,29.078433333333333,2.673633333333332,246.59485416666664,4.968333333333334,1194.9999999999998,304.0,11466.0,36.7389
2010-05-16,35.0071,2.7396999999999987,240.9736527777777,6.154444444444444,3361.0,3922.000000000001,11888.0,27.136366666666667
2008-06-15,38.1517,4.6834333333333324,239.45372916666665,6.773611111111111,6471.0,6802.0,11588.999999999998,21.7174
2007-05-26,25.20413333333333,2.903999999999999,235.06988888888887,4.562777777777778,2373.0,2754.0,8628.0,35.8968
2008-06-26,17.60033333333333,3.6235666666666657,239.3514027777778,3.211111111111111,921.0,572.0,8971.0,29.25253333333333
2008-07-18,21.0264,3.260099999999999,239.5771875,3.7369444444444446,1143.0,552.0,9260.0,22.400233333333333
2008-02-23,30.59809425287356,2.210791954022988,239.6702167145594,5.40977969348659,1684.0,2255.965517241379,10052.862068965516,21.05013333333333
2008-02-14,26.7437,1.8940999999999992,240.76481944444444,4.68375,1299.9999999999998,291.0,9299.0,33.42013333333333
2008-01-15,44.781866666666666,1.8857333333333328,240.70948611111112,7.891249999999999,781.9999999999999,6883.0,14512.0,35.59753333333333
2009-11-04,30.03,2.873799999999999,242.07813194444444,5.230833333333334,1075.0,4008.0,12246.0,26.007766666666665
2009-09-20,33.922133333333335,4.928233333333332,241.29544444444448,6.0240277777777775,4532.0,2466.0,11935.0,23.63113333333333
2010-05-04,25.282666666666668,2.570666666666665,236.03702777777772,4.5025,0.0,1018.0,12007.0,30.088466666666665
2008-07-14,18.965433333333333,3.494466666666665,240.4941875,3.431666666666666,2564.0,1995.0,6436.0,19.264333333333333
2008-02-04,27.13563333333333,1.733899999999999,240.2552083333333,4.777222222222222,1161.0,252.0,9531.0,41.2076
2008-02-17,32.2228,2.0012666666666656,242.46983333333333,5.654444444444445,3182.0,2257.0,6049.0,25.240066666666667
2007-10-25,30.898633333333333,2.2033333333333327,240.47263194444443,5.41361111111111,1478.0,2433.0,7385.000000000001,23.959466666666668
2008-08-27,4.301899999999999,2.7645333333333326,240.57646527777777,0.8331944444444445,0.0,399.0,1539.0,4.470766666666666
2010-01-22,29.843766666666667,2.614299999999999,241.8501736111111,5.183194444444445,699.0,352.0,14512.0,43.5178615819209
2010-03-10,30.3772,2.1716333333333324,243.56579166666663,5.196944444444445,1167.0000000000002,375.0,14916.0,32.518166666666666
2010-11-08,30.425666666666668,2.427599999999999,237.7430625,5.373194444444445,1087.0,555.0,13037.999999999998,33.701633333333334
2008-12-04,28.9773,1.8998333333333328,243.4631388888889,5.023750000000001,1085.0,281.0,11314.0,34.3103
2008-11-20,28.2056,2.019866666666666,239.81811805555552,4.984444444444445,1034.0,347.0,7732.0,27.89883333333333
2007-12-08,36.89006666666667,2.5723333333333325,239.55993055555555,6.508055555555555,1133.0,2354.0,12283.0,37.90973333333333
2007-04-20,13.709666666666667,2.4274333333333327,240.1328958333333,2.494861111111111,1069.0,359.99999999999994,3499.0,27.894266666666667
2007-06-17,32.4515,3.9968999999999992,240.2191805555556,5.769305555555556,4124.0,5038.0,8734.0,11.3079
2007-10-04,25.30763333333333,2.3074666666666657,239.20507638888887,4.454583333333333,2400.0,444.0,9710.0,23.234866666666665
2010-10-04,29.59933333333333,3.126399999999999,240.6214583333333,5.197916666666666,1708.9999999999998,722.0,8252.0,30.9104
2010-03-15,29.864166666666662,2.7385333333333324,242.29575,5.178333333333334,778.0000000000001,436.0,15053.0,25.710833333333333
2007-10-11,28.8741,2.5517999999999987,238.44415277777776,5.109027777777778,2629.9999999999995,413.9999999999999,7806.0,31.9084
2010-08-10,9.0793,3.0301333333333327,241.95466666666667,1.664861111111111,0.0,525.0,4141.0,9.033366666666666
2009-06-02,18.1773,3.728266666666666,241.6302986111111,3.367777777777778,0.0,506.0,7892.0,22.60963333333333
2009-02-02,26.721666666666664,1.7764666666666658,244.8748263888889,4.581111111111111,1159.0,232.0,10915.0,31.13983333333333
2009-10-16,25.281,2.423066666666666,240.246,4.415138888888889,0.0,482.0,11136.0,45.70133333333334
2010-07-08,20.210866666666668,4.1149,240.304125,3.6294444444444447,857.0,1350.0,8459.0,18.057966666666665
2007-08-14,15.6865,2.2001666666666657,237.07638888888889,2.8541666666666665,951.0,685.0,6256.0,19.86433333333333
2007-03-15,31.413566666666668,2.6554333333333324,240.28049305555555,5.523194444444445,0.0,3263.0,11036.0,28.367566666666665
2009-03-26,20.1834,1.9958333333333325,242.9357569444444,3.501666666666667,0.0,312.0,8596.0,28.56543333333333
2009-06-21,14.252366666666669,2.692099999999999,241.2867569444444,2.5322222222222224,1038.9999999999998,412.0,6002.0,18.234966666666665
2008-05-18,30.065966666666668,4.241533333333332,239.6826875,5.409444444444444,1775.0,5355.0,8626.0,17.171033333333334
2009-04-26,29.693766666666665,3.8269666666666655,241.8649236111111,5.242083333333333,3053.0,3017.0000000000005,10561.0,22.52713333333333
2010-08-02,9.158033333333332,3.0540666666666656,240.89735416666664,1.7008333333333334,0.0,536.0,4191.0,10.253533333333332
2009-04-07,24.00153333333333,2.5455333333333323,241.98941666666667,4.23125,1103.0,338.0,9121.0,25.576666666666668
2008-09-01,20.791833333333333,3.0747666666666658,239.9159097222222,3.7325,950.0,521.0,10183.0,23.069233333333333
2010-10-10,33.31506666666667,5.4574333333333325,240.3423472222222,5.9181944444444445,3325.0,773.0,10296.999999999998,27.043166666666668
2009-02-11,43.98983333333334,3.989366666666666,242.0975625,7.73125,2985.0,10476.999999999998,12195.0,32.811
2007-10-07,35.1019,2.552966666666666,238.8262777777778,6.207916666666667,2498.0,8255.0,10886.0,18.25403333333333
2007-10-02,36.647733333333335,2.697133333333332,238.49379166666665,6.474027777777778,508.0,8021.999999999999,12815.0,21.3409
2010-10-27,21.00463333333333,2.5638666666666654,246.1087083333333,3.622916666666667,0.0,2058.0,8269.0,24.38876666666667
2010-10-30,35.87833333333333,3.2553333333333323,243.26736805555552,6.229027777777778,2353.0,614.0,15302.999999999998,24.607166666666664
2010-10-02,32.05423333333333,2.768099999999999,240.7034583333333,5.584305555555556,3972.0,741.0,13532.0,30.5114
2009-03-02,24.624033333333333,2.256066666666666,242.24184722222225,4.401111111111111,1560.0,309.99999999999994,6684.0,30.815866666666665
2007-09-13,19.106366666666663,2.765966666666666,239.30983333333333,3.4644444444444447,1175.0,2523.0,3853.0,18.9245
2007-11-13,36.90663333333333,2.349199999999999,241.12297916666668,6.453472222222222,977.9999999999998,4933.0,11076.0,34.13323333333334
2007-12-04,34.4606,2.4169333333333327,241.53597916666664,6.045138888888889,1012.0,5828.0,8561.0,35.885333333333335
2008-03-18,31.959433333333333,2.4573333333333327,241.9289861111112,5.571944444444444,1156.0,4019.0,12544.0,21.807466666666667
2007-02-14,41.64453333333333,3.3751,240.3753888888889,7.315138888888889,3295.0,3793.0,11579.0,33.0891
2008-01-30,27.3441,1.9411666666666656,241.61465277777776,4.826388888888889,0.0,261.0,7261.0,32.56536666666666
2009-06-24,25.581233333333333,3.2386999999999992,240.53718055555555,4.516111111111111,3058.9999999999995,1239.0,14275.0,12.856033333333333
2010-09-01,26.5553,3.0029999999999992,241.26284027777777,4.691666666666666,1947.0,1194.0,13990.0,23.2082
2008-07-21,19.27463333333333,2.8741666666666656,239.10169444444443,3.482083333333333,1698.0,431.0,9189.0,12.337366666666666
2010-07-16,13.6676,3.278799999999999,241.1543472222222,2.487083333333333,0.0,568.0,3854.0,13.4392
2009-11-02,25.07043333333333,2.834699999999999,241.28460416666667,4.4006944444444445,1881.0,471.0,7490.0,37.77813333333334
2009-08-03,8.338299999999998,3.2883333333333327,241.9200694444445,1.5655555555555554,0.0,605.0,3811.0,8.481533333333333
2008-06-07,31.37473333333333,3.106899999999999,238.9844444444444,5.531944444444444,2379.0,2611.0,14593.0,25.705366666666663
2010-02-01,28.22963333333333,2.0797333333333325,243.63174305555552,4.857777777777778,1111.0,367.0,14622.999999999998,35.9572
2009-07-23,17.166666666666668,3.648499999999999,241.94331944444448,3.0527777777777776,926.0,622.0,9064.0,9.3623
2009-01-14,29.65952824858757,2.013018644067796,244.6050649717514,5.106278248587571,2285.576271186441,332.0,10317.203389830507,26.0678
2007-11-19,28.727566666666668,1.8671666666666653,242.76635416666667,5.0062500000000005,1089.0,253.0,10750.0,34.930933333333336
2008-02-27,9.445333333333332,1.4361333333333324,239.5540208333333,1.6341666666666663,0.0,326.0,2969.0,8.4864
2008-10-23,30.508233333333333,2.6867999999999994,240.39904166666665,5.374583333333334,815.0,1435.0,10587.0,35.55376666666667
2010-10-08,25.174266666666664,3.343599999999999,240.98219444444445,4.433472222222222,964.0,709.9999999999999,9927.0,26.863
2010-06-02,16.348300000000002,2.153966666666665,240.33645833333333,2.915833333333333,0.0,655.9999999999999,8454.0,23.23643333333333
2010-04-14,27.672733333333333,2.986633333333333,241.3756111111111,4.8469444444444445,1132.0,5871.0,9194.0,31.202966666666665
2009-01-30,34.3173,2.001566666666666,244.2898333333333,5.917916666666667,1622.0,280.0,12147.0,55.2142
2008-09-12,23.2127,2.971633333333332,239.9683125,4.144583333333333,1867.0,402.0,8738.0,27.1906
2009-10-23,29.29083333333333,3.2783999999999995,241.0962847222222,5.144861111111111,3179.9999999999995,495.0,11696.0,43.57346666666666
2010-08-04,9.055933333333332,2.990533333333332,241.39795138888888,1.6722222222222225,0.0,532.0,4116.0,8.891266666666667
2008-08-25,4.171633333333332,2.7311666666666654,241.47397222222224,0.8083333333333332,0.0,422.0,1436.0,4.292733333333333
2009-10-05,21.2587,2.6923333333333326,241.22052083333327,3.698611111111111,984.0,542.0,7982.999999999999,23.807466666666667
2008-01-23,31.3718,1.7997333333333323,240.9070486111111,5.520277777777778,1116.0,387.0,13359.0,27.41703333333333
2008-03-23,38.7665,2.540766666666665,242.652625,6.790555555555556,6278.999999999999,2111.9999999999995,13878.0,32.939037288135594
2010-01-31,29.9866,2.858599999999999,243.40263888888887,5.202222222222223,1715.0,1380.0,12569.0,28.22963333333333
2008-07-13,20.93828735632184,2.785427586206896,240.2883591954023,3.771566091954023,1694.6551724137933,3164.9999999999995,7058.96551724138,18.965433333333333
2007-11-14,34.13323333333334,2.359833333333333,239.94602777777777,5.940694444444444,1055.0000000000002,294.99999999999994,16345.000000000002,24.866466666666668
2007-03-27,18.419,2.528766666666666,240.60197916666667,3.296527777777778,0.0,3019.0,3697.0,38.8983
2007-11-04,24.761433333333333,2.3133666666666657,240.2055208333333,4.384027777777778,0.0,4387.0,7068.0,25.009866666666667
2009-12-20,19.069433333333333,2.035,247.43500694444444,3.244444444444444,1237.0,313.0,7794.999999999999,33.9161
2007-03-10,41.41186666666667,4.058799999999999,239.80283333333333,7.341944444444445,4130.0,5422.0,10979.0,58.0106
2007-04-25,21.069366666666667,2.745599999999999,234.9411111111111,3.858055555555556,0.0,1469.0,8812.0,21.257766666666665
2009-08-09,16.637233333333334,4.738766666666666,242.04941666666664,3.0572222222222223,1984.0,2380.0,5154.0,17.822633333333332
2006-12-29,52.90653333333333,3.2732333333333328,240.87130555555555,9.271388888888888,1252.0,5162.0,11329.0,46.64385977011494
2008-07-28,13.7634,3.308566666666666,239.9936944444445,2.574305555555556,0.0,509.0,5963.0,19.442633333333333
2007-06-10,22.346866666666667,3.984866666666666,240.84428472222223,4.005694444444445,4202.0,1924.0,5983.0,13.244233333333332
2010-06-13,27.905933333333333,4.228599999999999,241.20292361111112,5.06,4922.0,2516.0,9096.0,20.29973333333333
2010-07-21,17.7361,4.070766666666666,241.7208055555556,3.204861111111111,2030.0,585.0,6178.0,19.407433333333334
2007-09-07,22.274933333333333,3.0289666666666664,239.03170138888888,4.007222222222223,3632.0,551.0,9388.0,24.495866666666668
2010-02-10,32.43072146892656,2.3618384180790954,242.4513017890772,5.608637005649718,1219.0,2976.5762711864404,12220.93220338983,22.829466666666665
2009-01-05,26.73333333333333,2.148966666666666,244.8307777777777,4.63625,1247.0,322.0,8650.0,28.164366666666663
2009-01-18,52.5699,3.4973333333333323,242.64408333333333,9.16763888888889,5648.999999999999,6701.0,12726.999999999998,28.3311
2010-03-04,11.381333333333334,2.0992333333333324,242.99229166666663,2.007222222222222,0.0,436.0,2928.0,18.895433333333333
2009-01-23,31.842266666666667,2.104966666666665,242.7689513888889,5.530833333333334,2078.0,295.0,12146.0,36.6795
2008-04-24,17.3962,2.8654,240.6053263888889,3.058055555555556,1263.0,522.0,5296.0,21.1289
2007-11-18,36.39763333333333,2.6960333333333324,242.26045833333333,6.347638888888889,5201.0,2097.0,7066.0,28.727566666666668
2007-12-11,38.4184,2.2282999999999995,241.4602361111112,6.712222222222223,1050.0,3817.0,12739.999999999998,26.4677
2007-05-08,29.82153333333333,3.026866666666666,234.9062361111111,5.3563888888888895,4581.0,2011.0,8777.0,27.762266666666665
2008-01-06,30.419733333333333,1.949299999999999,239.40729166666665,5.390138888888889,1966.0,2445.0,7824.0,28.263566666666662
2007-10-09,28.130966666666662,2.6633666666666658,238.8791458333333,4.982361111111112,2033.9999999999995,2147.0,9290.0,19.44953333333333
2010-02-19,32.559533333333334,2.252499999999999,241.7074027777778,5.654166666666666,2124.0,397.0,14543.0,33.062133333333335
2009-10-10,33.54593333333333,4.260366666666665,239.7613958333333,5.927222222222222,4509.999999999999,570.0,14811.0,32.31388644067797
2007-05-11,16.319233333333333,2.201599999999999,235.2297569444445,3.0276388888888888,926.0,491.0,6471.0,24.0261
2009-04-27,22.52713333333333,2.6734666666666658,241.00122916666663,4.004166666666667,995.0,376.0,7021.0,28.439766666666667
2008-11-11,40.9325,2.1346666666666656,239.87869444444445,7.183333333333334,2475.0,2288.0,14651.0,36.51567586206897
2009-08-19,14.679033333333331,4.383233333333333,241.54156944444443,2.725972222222222,896.0,812.0,6044.0,12.9287
2007-05-09,27.762266666666665,3.058066666666666,234.8737222222222,5.056111111111111,3018.0,5631.0,9474.0,11.798066666666664
2010-05-23,24.7926,4.218333333333333,240.6903472222222,4.398055555555556,864.0,416.0,9541.0,22.355533333333334
2009-12-21,33.9161,2.8657999999999992,246.40921527777772,5.778333333333333,3293.0,282.0,11473.0,31.467033333333333
2007-08-02,16.990266666666667,2.415899999999999,234.85659027777777,3.0870833333333336,482.0,0.0,6869.0,17.722733333333334
2009-05-28,19.662266666666667,2.1464333333333325,233.70236111111112,3.512916666666667,1502.0,421.0,9049.0,20.7141
2008-02-03,34.7428,2.561799999999999,240.3407222222222,6.135694444444444,2319.0000000000005,4435.0,8451.999999999998,27.13563333333333
2007-11-11,31.452066666666667,3.0935,240.2602638888889,5.540555555555556,3445.0000000000005,320.0,6024.0,35.935766666666666
2007-10-16,32.7407,3.0902333333333325,238.8626180555556,5.823194444444444,0.0,7871.0,9876.0,26.282166666666665
2010-03-06,13.2452,2.3259666666666656,243.03125694444444,2.306666666666666,0.0,419.0,3970.000000000001,22.87453333333333
2009-04-28,28.439766666666667,2.6727666666666656,241.990125,5.059027777777778,2068.0,371.0,11469.0,27.744666666666667
2008-08-08,5.036666666666666,3.2741333333333325,239.45654166666665,1.0055555555555555,0.0,481.0,1980.0,5.982066666666666
2010-08-05,8.891266666666667,2.894666666666666,241.8593888888889,1.6345833333333333,0.0,517.0,4013.000000000001,8.745766666666666
2009-04-12,35.68353333333334,4.6945,240.40329861111115,6.332777777777777,7498.0,1504.0,12470.0,26.68402988505747
2010-05-03,23.5217,2.553199999999999,237.1872430555556,4.158888888888889,980.0,534.0,11825.0,25.282666666666668
2008-05-07,19.6044,3.182599999999999,241.08126388888888,3.4575,1030.0,423.0,6649.0,35.2783
2009-06-11,21.6775,2.6655333333333324,241.1760555555556,3.8533333333333335,0.0,472.0,10610.0,18.3622
2006-12-20,37.0958,2.683299999999999,242.3080625,6.467361111111111,0.0,2648.0,14063.0,28.62822183908046
2008-10-15,35.94826666666667,2.807699999999999,239.50679166666663,6.328194444444445,1998.0,7042.0,9984.0,26.394666666666662
2008-04-01,35.4842,2.8399333333333323,241.6158055555556,6.202500000000001,1079.0,6657.0,14515.0,28.19453333333333
2007-11-07,30.745966666666664,3.2253333333333325,239.5649097222222,5.481111111111111,5042.0,301.0,6374.0,25.017666666666667
2006-12-22,39.0223,3.1150999999999995,241.18454861111115,6.872916666666666,3151.0,350.0,11131.0,79.55643333333333
2009-05-06,22.498366666666666,2.4396333333333327,240.89671527777776,3.9697222222222224,1038.0,1797.0,9058.0,16.877466666666667
2008-10-17,31.114766666666664,2.558699999999999,240.047625,5.475833333333334,2036.0,3187.0,9639.0,37.319833333333335
2007-01-25,26.605733333333333,2.402666666666666,243.4243611111111,4.629305555555556,1158.0,262.0,11239.0,26.9662
2007-08-20,22.31403333333333,2.597999999999999,241.3006944444444,3.963333333333333,1032.0000000000002,6965.0,7383.0,10.709266666666666
2007-05-06,35.035066666666665,3.0389333333333326,234.4096527777777,6.409027777777777,3215.0,949.0,10095.0,27.3944
2009-12-29,34.1328,4.034166666666666,243.1830138888889,5.912638888888889,1260.0,346.0,10204.999999999998,40.85183333333333
2008-12-02,29.890733333333333,2.431799999999998,243.3793680555556,5.215138888888889,0.0,304.0,11343.0,29.25273333333333
2009-08-04,8.481533333333333,3.2729999999999992,242.2764861111111,1.6094444444444445,0.0,607.0,3871.0,8.6442
2009-09-22,20.7756,3.4542666666666664,241.18202777777776,3.6991666666666654,937.0,597.0,8502.0,27.27683333333333
2010-07-11,19.892866666666663,5.043733333333333,239.7739513888889,3.648055555555555,848.0,594.0,7781.0,18.4929
2009-07-20,11.041433333333332,3.631066666666666,241.84186111111111,2.0479166666666666,914.0,784.0,4948.0,13.5627
2008-11-21,27.89883333333333,2.1258999999999992,239.9283333333333,4.946527777777778,1039.0,348.0,10396.0,28.5228
2010-06-28,24.52233333333333,4.681466666666665,240.42901388888887,4.3725,0.0,809.0,12516.0,22.798042937853108
2008-01-01,45.99563333333333,2.3751333333333324,241.03667361111115,7.978611111111111,2461.0,2739.0,12355.0,27.401766666666667
2007-10-31,21.38683333333333,1.7866666666666655,240.33897916666663,3.742361111111111,0.0,4700.0,8915.0,8.270266666666666
2008-03-07,31.049266666666664,2.156533333333332,240.81606944444445,5.441666666666666,1235.0,3471.0,9033.0,37.47766666666666
2007-11-05,25.009866666666667,2.1891666666666656,239.65911111111112,4.39625,1265.0000000000002,397.0,6583.0,34.7063
2008-12-05,34.3103,2.0004333333333326,242.9759097222222,5.967638888888889,831.0,310.0,9852.0,42.06393333333333
2008-11-24,53.54996666666666,2.0269666666666657,240.3594861111111,9.285416666666666,1063.0,510.0,13378.0,45.0475
2008-02-18,25.240066666666667,1.6995333333333325,242.0639305555556,4.37625,0.0,251.0,10345.0,35.4486
2009-04-14,25.02563333333333,3.142999999999999,241.49232638888887,4.435,888.0,2341.0,9478.0,20.2677
2010-01-08,29.953466666666667,2.662999999999999,244.4048125,5.151388888888889,0.0,994.0,12531.0,38.94833333333333
2010-02-22,24.567266666666665,2.677066666666666,240.5794930555556,4.315,1393.0,2167.0,10159.0,24.354666666666667
2010-07-04,25.6348,4.669099999999999,240.33446527777772,4.561805555555556,859.9999999999999,803.9999999999999,6597.0,18.5665
2007-08-05,13.1183,2.520899999999999,235.1152708333333,2.4368055555555554,169.0,0.0,6647.0,18.162
2009-04-13,26.68402988505747,3.332780459770114,241.1287804118774,4.738596743295019,1006.0,5666.379310344828,6212.172413793103,25.02563333333333
2010-08-31,22.751766666666665,2.8076666666666656,241.1923888888889,4.103472222222222,2099.0,1723.0,7958.0,26.5553
2010-03-09,29.3352,2.801299999999999,243.5275,5.080694444444444,846.0,397.0,10892.999999999998,30.3772
2008-08-26,4.292733333333333,2.7761,241.1195486111111,0.8372222222222222,0.0,420.0,1533.0,4.301899999999999
2007-02-21,34.5479,3.164499999999999,240.46096527777777,6.0744444444444445,3527.0,2332.0,11548.0,56.27515172413793
2009-11-19,24.5808,2.4842333333333326,242.97506944444444,4.251111111111111,0.0,481.0,10936.0,32.6836
2009-06-22,18.234966666666665,2.7020666666666657,241.20229166666664,3.2180555555555554,0.0,449.0,11147.999999999998,17.32023333333333
2007-07-20,18.50703333333333,3.718633333333333,235.56890277777777,3.4516666666666667,2111.0,2418.0,4765.0,17.6708
2009-06-29,16.835566666666665,3.9337666666666657,241.8938263888889,3.026388888888889,1794.0,598.0,6462.0,19.8741
2008-11-15,50.52713333333333,2.752666666666666,238.63411805555555,8.963194444444445,3952.0,3799.0,15634.999999999998,39.42386666666667
2008-06-09,22.094966666666664,3.0606666666666658,239.4346805555556,4.039722222222222,1967.0,2085.0,7920.999999999999,17.78483333333333
2009-11-15,32.788466666666665,3.519133333333333,240.3253680555556,5.778472222222223,991.0,5278.0,9446.0,25.24113333333333
2008-08-01,12.326266666666664,4.211733333333332,239.8054375,2.3279166666666664,586.0,1150.0,5091.000000000001,8.429599999999999
2007-03-12,32.51113333333333,2.2403666666666657,240.55871527777776,5.728472222222223,1403.0,2840.9999999999995,12353.0,21.5024
2010-06-25,18.323966666666667,3.645566666666666,240.5305486111112,3.321111111111111,0.0,689.0,10466.0,16.360333333333333
2009-10-19,22.818466666666662,2.239299999999999,242.26024305555555,3.953055555555556,1104.0,457.0,8227.0,28.713466666666665
2009-03-14,35.81713333333333,2.5874999999999995,242.1788055555556,6.186111111111111,2196.0,280.0,18036.0,32.3677
2008-07-31,23.21063333333333,4.057933333333333,240.09567361111112,4.231805555555556,1533.0,2808.0,7588.0,12.326266666666664
2010-06-26,16.360333333333333,4.908166666666666,241.49486111111108,3.002638888888889,921.0,1221.0,7939.0,18.9994
2009-07-13,8.2791,3.2754333333333325,242.5475138888889,1.5625,0.0,594.0,3881.0,15.190499999999998
2010-08-13,8.9049,2.758966666666666,240.9911597222222,1.6345833333333333,0.0,508.0,4097.0,9.237833333333333
2009-05-26,22.312831578947367,2.108243859649122,231.79064766081868,4.039517543859649,1191.0,861.5263157894736,10103.42105263158,25.738200000000003
2007-09-20,20.92553333333333,2.2151333333333323,239.7149861111111,3.720972222222222,1056.0,489.0,9996.0,20.64633333333333
2010-05-21,21.573266666666665,2.7949,241.7590486111111,3.7977777777777777,1073.0,381.0,10113.0,34.92953333333333
2007-12-18,43.7199,2.401333333333332,242.9399861111111,7.602083333333333,1123.0,5810.0,11093.0,36.60086666666667
2006-12-19,27.7699,2.515699999999999,241.9993125,4.926388888888889,839.0,7602.0,6197.0,37.0958
2006-12-23,79.55643333333333,3.691166666666666,240.13607638888888,14.028055555555556,2669.0,425.0,14726.0,42.5002
2007-10-28,8.535966666666665,1.5382999999999991,240.8660555555556,1.485277777777778,0.0,282.99999999999994,1765.0,9.090466666666666
2008-08-02,8.429599999999999,2.9715666666666656,239.12872916666663,1.5879166666666666,0.0,504.0,3803.0,8.413033333333333
2010-05-13,25.90619491525424,2.566178531073445,242.959579566855,4.480244821092279,2128.372881355932,1477.0000000000002,10532.42372881356,28.70243333333333
2010-11-05,28.9348,3.0083,243.77503472222224,5.053333333333334,0.0,790.0,12610.0,30.09013333333333
2007-07-24,13.754733333333332,1.8801666666666657,235.36304166666665,2.550972222222222,0.0,1607.0,5599.0,7.875999999999999
2008-11-30,40.02313333333333,2.848399999999999,242.3745625,6.955555555555556,1161.0,3481.0000000000005,11474.0,26.9423
2007-01-13,53.11356666666666,4.845599999999999,239.2836111111111,9.453055555555556,7806.0,2975.0,11341.0,50.19024858757062
2010-09-17,24.96013333333333,3.2773666666666657,240.814875,4.427777777777778,1954.0,5496.0,9726.999999999998,20.7991
2009-01-29,26.2283,1.7384333333333326,243.3628472222222,4.532638888888889,0.0,294.0,8996.0,34.3173
2008-08-14,4.504299999999999,2.966099999999999,241.1408819444445,0.8850000000000001,0.0,441.00000000000006,1641.0,4.560899999999999
2008-10-19,32.865566666666666,3.0266,240.0425486111111,5.8052777777777775,698.0,8010.0,4600.0,27.792566666666666
2009-05-01,25.213366666666666,3.174366666666665,241.27309027777773,4.424166666666666,1067.0,1052.0,11709.0,23.23183333333333
2009-01-13,36.376666666666665,2.235699999999999,244.45834027777772,6.254305555555555,1140.0,329.0,16193.999999999998,29.65952824858757
2007-09-03,17.315366666666666,3.1403666666666656,239.62034722222225,3.1306944444444444,621.0,2515.0,5323.0,26.41573333333333
2007-01-11,37.58656666666666,3.833666666666666,241.1556875,6.658333333333334,1378.0,2170.0,12415.000000000002,24.35493333333333
2007-11-22,32.2063,2.385133333333332,241.5650486111111,5.65625,2867.0,296.99999999999994,9001.0,42.04363333333333
2008-07-15,19.264333333333333,3.1822666666666657,239.78144444444445,3.435694444444444,968.0,552.0,8585.0,17.95103333333333
2007-02-02,27.7956,2.325699999999999,240.33438888888887,4.870833333333333,0.0,356.0,11338.0,67.16203333333333
2007-04-02,32.679633333333335,2.9056,240.4601180555556,5.712638888888889,1755.0,970.0,16641.0,27.380333333333333
2007-12-05,35.885333333333335,2.973299999999999,241.22788194444445,6.348194444444445,3422.0,294.99999999999994,10919.0,41.46556666666667
2007-02-10,47.15546666666667,3.2162333333333324,240.0368263888889,8.303749999999999,5071.0,2831.0,14405.0,59.52046666666666
2009-05-31,15.948166666666667,3.343599999999999,241.45614583333327,2.8866666666666667,1466.0,458.0,5720.0,24.05433333333333
2007-07-22,22.9385011299435,3.6411553672316375,235.96402895480225,4.225369585687383,7091.0,2136.0,5564.813559322034,16.516966666666665
2007-04-16,15.873166666666666,3.1012333333333326,240.65713888888888,2.8725,952.0,1305.0,4656.0,20.395566666666667
2009-11-26,26.660433333333334,2.359033333333332,242.64346527777772,4.61125,2261.9999999999995,407.0,10069.0,23.000433333333334
2008-10-05,25.8325,2.438266666666666,240.13754166666664,4.534166666666667,990.0,3257.0,6071.0,23.7297
2007-02-27,8.6352,1.8867333333333325,242.9442708333333,1.5245833333333334,0.0,314.0,1924.0,8.679566666666666
2008-11-13,20.641,2.090399999999999,241.5979236111111,3.627222222222222,0.0,338.0,6315.0,27.028966666666665
2010-03-25,27.998066666666663,3.1126333333333327,242.26515277777776,4.843194444444444,0.0,610.9999999999999,13797.0,27.5214
2007-01-31,39.39586666666666,3.099799999999999,239.92113194444445,6.923611111111111,0.0,5949.999999999999,15052.0,30.412666666666667
2010-04-09,20.55583333333333,2.7080333333333324,242.58288194444444,3.570555555555556,1088.0,566.0,10595.0,19.8368
2008-05-27,28.47833333333333,3.4577666666666658,239.3908680555556,5.107361111111112,0.0,5351.999999999999,11477.999999999998,18.572866666666663
2009-01-31,55.2142,3.978533333333332,242.4713819444445,9.633194444444444,8278.0,6575.0,15309.0,30.72397451745825
2009-01-26,27.907866666666667,1.8879333333333324,243.2002708333333,4.834444444444444,1121.0,348.0,9821.0,23.7505
2008-11-25,45.0475,2.509399999999999,240.93060416666663,7.823888888888889,3010.0,345.0,10471.0,25.2659
2008-06-06,20.29523333333333,2.9086666666666656,239.7169375,3.672083333333333,1009.0000000000002,506.0,7871.0,31.37473333333333
2008-08-15,4.560899999999999,2.9696333333333325,241.1581666666667,0.8959722222222223,0.0,439.0,1691.0,4.580233333333332
2008-03-30,35.7732,2.9328333333333325,241.1637569444445,6.2775,5045.000000000001,1315.0,9769.0,22.9595
2008-12-27,49.53606666666667,1.9688666666666657,243.31189583333327,8.431805555555556,0.0,244.0,12209.0,26.177366666666668
2010-04-23,19.6756,2.9527333333333328,241.61291666666668,3.435277777777777,0.0,623.0,10981.0,25.306966666666668
2010-01-18,31.35163333333333,3.1962,243.63636805555555,5.421527777777778,616.9999999999999,294.99999999999994,12981.0,40.55846666666667
2007-02-15,33.0891,2.766066666666666,240.6692222222222,5.820277777777778,0.0,2363.0,14028.0,28.375466666666664
2007-03-19,35.8753,2.4127333333333323,240.4970902777777,6.281944444444444,1648.0,2686.0,14118.0,34.770466666666664
2008-09-07,22.8776,2.9407333333333323,240.5886875,4.0808333333333335,3612.0,1707.0,5976.000000000001,21.822066666666668
2007-07-03,17.6652,3.0056333333333325,240.1869375,3.230694444444444,467.0,3214.0,4695.0,16.7235
2007-09-27,23.21,2.5118333333333323,239.5670555555556,4.0777777777777775,1066.0,643.0,7324.0,28.0083
2007-12-15,45.6146,2.627099999999999,241.28064583333327,7.98,1705.9999999999998,3687.0,14313.0,46.036966666666665
2008-05-23,24.7486,2.9826333333333324,239.49885416666663,4.358611111111111,0.0,1389.9999999999998,14734.0,26.336266666666667
2008-12-11,23.875366666666668,1.9152666666666656,243.41836111111112,4.121944444444444,1160.0,273.0,7978.999999999999,30.2589
2010-06-01,21.1494,2.2828333333333326,240.54027777777776,3.718194444444445,970.0,400.0,11858.0,16.348300000000002
2007-06-21,13.4491,3.709099999999999,240.57494444444444,2.500833333333333,932.0,2400.0,3711.0,9.438233333333333
2007-04-06,26.685666666666663,2.386899999999999,241.18445138888887,4.68861111111111,0.0,5466.0,9166.0,25.89873333333333
2009-12-16,23.2479,2.573833333333332,247.21586805555555,3.9933333333333336,1143.0,2943.0,8104.0,28.6197
2009-03-13,24.092,2.311399999999999,242.75730555555552,4.171388888888889,1082.0,311.0,10466.0,35.81713333333333
2007-07-13,13.2397,3.4448999999999987,240.8548055555556,2.450833333333333,0.0,632.9999999999999,4427.0,21.4695
2008-12-17,34.97976666666666,2.2702666666666658,243.31351388888888,6.080277777777777,4251.0,284.0,10813.0,28.949
2007-02-07,38.8003,2.961799999999999,241.14969444444444,6.791666666666667,3299.0,3513.0,11986.0,30.023566666666667
2008-06-18,31.560133333333333,4.545399999999999,239.73986805555555,5.711388888888888,7549.0,3040.0,12687.0,26.46803333333333
2009-12-31,36.86486666666666,3.110199999999999,240.95881944444443,6.401666666666666,0.0,387.0,19409.0,20.4042
2009-06-01,24.05433333333333,3.8312666666666657,241.334125,4.31125,2789.0,461.0,11361.0,18.1773
2009-07-19,20.06073333333333,4.320833333333333,242.04660416666664,3.5258333333333334,0.0,598.0,5058.0,11.041433333333332
2008-10-21,34.395266666666664,2.539066666666666,239.7306875,6.0808333333333335,857.0,2663.0,11331.0,27.4335
2007-06-22,9.438233333333333,3.4754333333333323,240.83563194444443,1.807361111111111,0.0,951.0,3482.0,7.959433333333332
2007-05-07,27.3944,2.8152999999999992,234.5369722222222,4.980972222222222,946.0,4935.0,9433.0,29.82153333333333
2009-05-04,27.798033333333333,2.434266666666665,241.43522916666663,4.841388888888889,1007.0,411.0,11374.0,28.8579
2007-03-07,39.58676666666667,2.853333333333332,240.3235625,6.935,1076.0,4761.0,15513.0,26.2022
2010-02-17,34.242666666666665,1.992666666666666,242.34681944444444,5.94125,2294.0,6636.0,10101.0,29.3526
2007-04-01,46.43253333333333,3.3758666666666657,240.0244861111111,8.149444444444445,4628.999999999999,5400.999999999999,19509.0,32.679633333333335
2008-06-14,23.082,5.738,240.0144930555556,4.207777777777777,1862.0,1011.0,10681.0,38.1517
2009-02-05,27.4848,2.0364666666666658,243.8550625,4.7625,1104.0000000000002,263.99999999999994,12987.000000000002,34.13993333333333
2008-04-14,26.493033333333333,2.5826333333333324,242.3140555555556,4.604305555555555,0.0,425.00000000000006,11197.0,27.8401
2007-06-04,15.193633333333333,3.719866666666666,234.74806944444444,2.8222222222222224,1585.0,836.0,4533.0,24.314866666666667
2007-08-26,21.9151,4.989799999999999,239.95091666666667,4.012638888888889,1541.0,3645.0,5658.000000000001,20.1955
2007-10-24,31.09393333333333,2.4463666666666657,240.80827083333327,5.473194444444444,4459.0,364.0,9115.0,30.898633333333333
2008-03-11,36.667366666666666,2.518333333333332,240.42415277777772,6.466944444444445,1271.0,3901.0,12936.0,29.570533333333334
2009-07-07,18.502266666666667,4.277299999999999,241.64100694444448,3.40375,1292.0,3619.0,5704.000000000001,20.57333333333333
2007-11-20,34.930933333333336,2.0805333333333325,241.3388263888889,6.090416666666666,1015.0,3954.000000000001,11026.0,29.24553107344633
2007-03-24,49.47383333333333,3.1837333333333326,239.70447222222225,8.703333333333333,3707.0,5797.0,16381.999999999998,55.60790903954802
2010-11-04,42.585766666666665,4.207299999999999,243.15222916666664,7.496111111111111,6029.0,11193.0,10286.0,28.9348
2009-04-08,25.576666666666668,2.6891666666666656,242.25972916666663,4.527916666666667,2131.0,2827.0,7967.999999999999,31.50786666666667
2007-03-29,26.506766666666667,3.3115999999999994,240.5366875,4.676805555555556,1162.0,460.0,10724.0,23.37323333333333
2008-02-28,8.4864,1.3874666666666655,239.80427083333333,1.4669444444444444,0.0,281.0,2028.0,22.222466666666666
2009-07-25,8.944799999999999,3.257666666666666,242.09706944444443,1.6822222222222225,0.0,576.9999999999999,3716.0,9.050266666666666
2010-06-17,17.133633333333332,2.804466666666666,240.42709027777772,3.050972222222222,0.0,488.0,8509.999999999998,22.205266666666667
2009-02-08,36.3811,2.233666666666666,243.3545694444444,6.329583333333333,5341.0,259.0,15174.0,28.443966666666668
2010-07-05,18.5665,3.897433333333333,241.1825625,3.3313888888888887,841.0,837.0,6913.0,16.76556666666667
2007-10-19,34.7608,2.024633333333332,239.65217361111112,6.103194444444445,1299.0000000000002,3124.0,11648.0,27.670766666666665
2010-04-08,27.487,2.752366666666666,241.99483333333333,4.759027777777778,145.0,669.0,13322.0,20.55583333333333
2010-02-28,11.8611,2.2344666666666657,242.56746527777776,2.06125,0.0,487.0,2951.9999999999995,21.645466666666668
2008-01-13,48.09082711864407,2.4085525423728806,239.7471997410546,8.454722222222221,6513.830508474576,340.5423728813559,9378.813559322034,33.748866666666665
2007-08-13,19.216866666666665,2.1823333333333323,235.2165694444444,3.44875,93.0,476.0,11101.0,15.6865
2010-03-22,26.9765,2.859266666666666,241.35879166666663,4.687083333333333,1142.0,557.0,13859.0,30.369366666666668
2009-08-30,27.8057,4.901399999999999,241.08125694444445,4.980277777777777,2653.0,1363.0,10648.0,21.092033333333333
2007-10-22,27.548266666666667,1.9401666666666653,240.54540277777772,4.805833333333333,0.0,299.0,13027.0,32.65067471264368
2007-04-13,9.1837,2.5273333333333325,240.0504861111111,1.643333333333333,0.0,557.9999999999999,1988.0,9.2378
2010-03-18,26.0447,2.7702333333333327,241.5022638888889,4.547361111111111,1147.0,570.0,10845.0,27.723066666666668
2008-10-24,35.55376666666667,2.8002333333333325,240.41369444444445,6.266944444444444,7892.999999999999,2276.9999999999995,10284.0,26.71438299319728
2007-08-27,20.1955,4.984733333333333,239.9235833333333,3.69125,2305.0,1229.0,6344.0,16.616733333333332
2009-10-27,18.6126,2.896633333333333,241.2427638888889,3.27,579.0,449.0,8367.0,21.14513333333333
2009-10-14,28.5204,2.918166666666665,239.75946527777776,5.004583333333334,2000.9999999999995,3131.0,10013.0,24.832933333333333
2007-02-26,9.474733333333331,1.804666666666666,241.27359027777777,1.6588888888888889,0.0,331.0,2830.0,8.6352
2007-03-21,35.70153333333333,2.380499999999999,240.9866458333333,6.237222222222222,1865.0,4133.0,12334.999999999998,24.24963333333333
2009-01-11,32.93313333333333,2.3873333333333324,245.5315486111111,5.764722222222222,4521.0,5301.0,5887.0,26.487966666666665
2007-01-19,24.674,2.834199999999999,240.16094444444445,4.37625,2103.0,330.0,7172.0,52.22886666666667
2009-11-03,37.77813333333334,4.029366666666665,241.14193055555555,6.631805555555555,2009.0,3951.0,9025.0,30.03
2008-03-13,27.92523333333333,2.141233333333332,240.802625,4.941666666666667,3262.9999999999995,3589.9999999999995,5464.0,36.837
2008-03-10,26.9781,2.1187333333333327,241.72734722222225,4.7125,2009.0,368.0,8660.0,36.667366666666666
2009-02-16,21.98323333333333,1.863433333333332,242.14300694444444,3.828194444444444,0.0,261.0,7037.0,13.331344444444444
2009-12-11,29.74103333333333,3.660399999999999,244.2911180555556,5.130833333333333,1546.0,385.0,11251.0,30.273
2009-10-02,19.211133333333333,3.052599999999999,240.75888194444445,3.386111111111111,0.0,570.0,10142.0,28.61233333333333
2009-07-15,11.9679,3.1615333333333324,241.92689583333333,2.1675,878.0,932.0,5820.0,9.992566666666669
2007-03-04,34.845,2.9280333333333326,240.02979861111112,6.158194444444444,1476.0,8711.0,9408.0,44.33886666666667
2007-03-11,58.0106,2.8895666666666657,240.00729166666667,10.12152777777778,4809.999999999999,3420.0,9499.999999999998,32.51113333333333
2010-09-03,22.44023333333333,2.8099333333333325,240.5336736111111,3.973472222222222,940.0,523.0,9747.0,29.064
2007-03-09,21.2102,1.9872999999999992,240.88846527777773,3.73125,1093.0,345.0,8631.0,41.41186666666667
2008-03-22,34.22526666666666,3.094666666666666,241.61215277777777,6.020277777777778,3322.0,588.0,12405.0,38.7665
2008-10-27,8.731533333333333,2.1496333333333326,242.2280555555556,1.5091666666666663,0.0,402.0,1967.0,22.1215
2010-03-08,42.6183,4.205633333333332,243.7745833333333,7.424444444444444,4214.0,7644.999999999999,15971.0,29.3352
2010-04-07,26.616366666666664,3.0754333333333324,241.83122916666665,4.645416666666667,1077.0,3440.0,11362.0,27.487
2008-03-01,19.031266666666667,1.7526333333333324,239.43151388888887,3.277638888888889,0.0,1287.0,2724.0,19.37043333333333
2008-09-25,18.853666666666665,2.896166666666666,240.29032638888887,3.34375,1012.0,751.0,8485.0,23.8575
2010-09-05,22.0503,3.116833333333332,242.14060416666663,3.96375,1609.0,2732.0,7471.0,23.7146
2010-11-24,29.937466666666666,2.207666666666666,240.03096527777777,5.249583333333333,1096.0000000000002,2847.9999999999995,12224.0,23.852733333333333
2008-01-29,44.6004,1.9529333333333323,240.62310416666665,7.842222222222222,1487.0,6199.0,11077.0,27.3441
2010-05-18,23.6864,2.4942,241.520875,4.118333333333333,0.0,370.0,11676.999999999998,23.7792
2010-06-11,24.5112,3.642833333333333,241.45329166666667,4.4125000000000005,3439.0,468.0,11727.999999999998,32.91399265536723
2009-05-21,26.2525,3.5399333333333325,241.01910416666664,4.608472222222223,1553.0,1278.0,12563.0,17.913433333333334
2007-03-31,58.49183333333333,3.858399999999999,239.2607708333333,10.264722222222222,2620.0,7706.999999999999,17682.0,46.43253333333333
2008-08-21,4.354966666666666,2.816199999999999,240.29566666666665,0.8497222222222223,0.0,432.0,1577.0,4.452066666666666
2008-12-26,20.395533333333333,2.070366666666666,244.3536597222222,3.500694444444445,1121.0,279.0,7796.0,49.53606666666667
2010-07-25,18.840166666666665,4.302766666666666,240.27947916666665,3.368611111111111,0.0,3732.0,7549.0,14.735833333333334
2009-03-28,37.68293333333333,4.611666666666666,242.1356180555556,6.603333333333334,4527.0,327.0,12225.0,36.94416666666667
2007-02-17,34.6152,3.9827999999999992,239.3160347222222,6.129166666666666,1764.9999999999998,2226.0,7157.0,63.829366666666665
2007-09-28,28.0083,3.7119666666666657,239.4624305555556,4.994166666666667,996.0,3722.0,9952.0,38.27536666666666
2009-06-09,22.214166666666667,2.5732666666666657,240.9235138888889,3.957777777777778,1000.0,414.0,10695.0,26.7166
2007-08-16,15.974933333333333,2.1922,239.73765972222225,2.843888888888889,962.0,0.0,7476.0,16.831533333333333
2007-08-01,18.04461025641025,2.4250769230769222,234.97703311965813,3.273803418803419,1586.230769230769,0.0,10053.23076923077,16.990266666666667
2007-05-15,15.0732,1.8530333333333324,235.6119930555556,2.733333333333333,0.0,408.0,5318.0,28.215733333333333
2010-08-12,8.8283,2.8183,240.7949305555556,1.62375,0.0,514.0,3982.000000000001,8.9049
2007-12-29,54.9826,3.331533333333333,240.55066666666667,9.56,4836.0,2434.0,14906.0,42.6486
2007-04-14,9.2378,2.593499999999999,240.31314583333327,1.6513888888888888,0.0,578.0,2008.0,12.102733333333331
2009-11-27,23.000433333333334,2.2175333333333325,241.85881944444444,3.961111111111111,0.0,396.0,11599.0,30.9825
2007-08-28,16.616733333333332,3.018566666666666,239.549875,2.996111111111111,1038.0,2468.0,5483.0,12.466533333333333
2010-10-03,30.5114,3.3802333333333325,241.93284027777776,5.398472222222222,5000.0,2564.0,7738.0,29.59933333333333
2006-12-26,65.5685,2.751699999999999,241.6254375,11.347916666666668,1086.0,2533.0,14979.0,25.479333333333333
2008-03-14,36.837,2.662466666666666,240.6273680555556,6.44625,980.0,3881.0,14476.0,26.27166666666667
2008-11-28,31.43273333333333,2.1404333333333323,243.0665138888889,5.409583333333334,1113.0,295.0,11361.0,40.5778
2007-09-02,27.7078,3.859966666666666,240.04533333333333,5.017222222222222,3613.0,1617.0,8806.0,17.315366666666666
2008-08-05,13.7853,3.0041333333333324,238.73645833333333,2.5059722222222223,634.9999999999999,509.0,7118.0,5.435199999999999
2008-01-14,33.748866666666665,2.0018333333333325,240.2990069444444,6.014583333333333,5918.0,339.0,9738.0,44.781866666666666
2009-12-12,30.273,4.145499999999999,244.93895138888888,5.26125,1087.0,4120.0,8198.0,35.6469
2010-02-05,34.98153333333333,2.382966666666666,241.9412638888889,6.0754166666666665,902.0,474.0,18008.0,45.216433333333335
2008-06-30,13.403266666666669,3.158766666666666,240.3761180555556,2.4791666666666665,0.0,521.0,6819.0,20.254
2009-01-03,31.8916,2.915199999999999,243.68145833333327,5.530833333333333,6440.0,328.0,10439.0,32.33323333333333
2008-03-25,33.5976,2.1305333333333323,242.1382152777778,5.870555555555556,2246.0,3677.0,13494.0,27.224533333333333
2008-12-13,30.42623333333333,2.721299999999999,241.5385486111111,5.321805555555556,2186.0,261.0,9271.0,33.36866666666667
2010-07-27,15.872666666666667,2.912166666666666,239.6300972222222,2.8269444444444445,907.0,523.0,4042.0,14.377566666666668
2007-05-14,24.46303333333333,4.975866666666666,235.69006944444445,4.574166666666667,3176.0,2417.0,5517.0,15.0732
2008-05-05,22.7822,3.0958333333333328,240.7368541666667,3.9977777777777774,1007.9999999999998,378.0,10197.0,29.833
2009-11-01,30.719466666666666,3.6983666666666655,240.92416666666665,5.388333333333333,1970.0,470.0,12215.0,25.07043333333333
2008-12-29,9.254633333333333,1.5272999999999992,244.95475694444443,1.5788888888888888,0.0,218.0,2480.0,19.92063333333333
2010-07-30,9.187666666666669,2.8808999999999987,240.04908333333333,1.695138888888889,0.0,534.0,4087.0,9.2436
2008-12-21,44.06016666666667,2.251199999999999,241.7200833333333,7.662638888888889,1099.0,9188.999999999998,14816.0,33.5968
2008-06-12,20.988866666666667,3.1548666666666656,239.6900208333333,3.7993055555555553,1951.0,567.0,7246.0,31.268410169491524
2007-06-16,33.62936666666666,5.125966666666666,239.50169444444444,5.9750000000000005,3289.0,4498.0,11108.0,32.4515
2010-10-05,30.9104,3.5440333333333327,239.919,5.422083333333333,0.0,3012.0,12037.0,21.924266666666668
2008-11-17,25.393933333333333,1.9812333333333323,241.1349305555556,4.412083333333333,0.0,378.0,10590.0,29.15083333333333
2009-12-04,28.521566666666665,3.053699999999999,243.3857013888889,4.985138888888889,1157.9999999999998,352.0,9134.0,39.19603333333333
2009-10-22,23.3285,2.5975,242.4139583333333,4.042361111111111,0.0,492.0,11074.0,29.29083333333333
2009-12-28,34.901633333333336,3.027799999999999,243.7776111111111,6.033333333333334,2175.0,2063.0,14933.999999999998,34.1328
2009-02-27,33.8153,3.368599999999999,240.9656875,5.903472222222223,1154.0,246.0,14831.0,27.179166666666667
2010-11-18,27.535866666666667,3.436599999999999,241.01675,4.876944444444445,2175.0,489.0,9449.0,26.17333333333333
2006-12-24,42.5002,2.498333333333332,241.6874375,7.640416666666667,1703.0,5082.0,6891.000000000001,45.71866666666666
2010-05-08,25.557033333333333,2.8870333333333327,241.89702083333336,4.485277777777778,3569.0,2434.9999999999995,10157.999999999998,26.1085
2008-10-18,37.319833333333335,2.7104666666666657,239.8354305555556,6.547083333333333,799.0,1655.0,12146.0,32.865566666666666
2009-12-27,36.59086666666667,3.4527333333333328,242.66604166666664,6.364722222222222,4218.0,318.0,12450.0,34.901633333333336
2007-12-13,30.795766666666665,1.8581666666666656,241.82734027777772,5.419583333333333,1103.0,1448.0,8911.0,32.913466666666665
2009-07-04,20.6428,6.231699999999999,241.14746527777777,3.8441666666666654,2084.0,2329.0,6791.0,23.512266666666665
2007-11-15,24.866466666666668,2.217766666666666,239.9849930555556,4.396388888888889,1606.0,571.0,7503.0,38.4959
2009-08-20,12.9287,4.348166666666666,241.0856180555556,2.4233333333333333,0.0,883.0,6138.0,19.36243333333333
2009-12-15,32.33526666666666,2.7057333333333324,246.04318055555552,5.514583333333333,1111.0,392.0,14084.0,23.2479
2009-11-18,43.98623333333333,3.3979999999999992,241.29666666666665,7.685833333333334,6012.0,7655.000000000001,13787.0,24.5808
2007-09-05,20.60953333333333,2.4810666666666656,239.1481597222222,3.697638888888889,0.0,4144.0,6705.0,15.024566666666663
2010-01-10,41.807766666666666,3.786166666666666,243.84061805555555,7.226388888888889,3564.0,2032.0,14108.0,25.3114
2007-12-28,51.8842,3.446666666666665,242.28447916666664,9.030555555555557,1980.0,8554.0,15823.000000000002,54.9826
2010-02-21,45.6719,2.790966666666665,240.625375,8.038333333333334,5904.999999999999,8141.999999999999,17083.0,24.567266666666665
2010-06-21,27.6815,2.827999999999999,240.9539930555556,4.947638888888888,3824.0,3525.0,11179.0,25.34313333333333
2007-05-12,24.0261,3.486199999999999,234.7229027777778,4.360555555555556,2247.0,1075.0,10408.0,27.24563333333333
2008-05-29,18.91793333333333,3.113866666666666,237.67515972222225,3.4756944444444446,1004.0,507.0,8703.0,23.2874
2009-12-06,39.638133333333336,4.864866666666666,241.2692708333333,6.983333333333333,2850.0,4175.000000000001,12420.0,29.043966666666662
2009-08-17,13.098466666666669,4.1910333333333325,241.22044444444444,2.4170833333333333,0.999999999999996,813.0,6261.000000000001,18.009966666666667
2009-11-22,40.8496,3.710633333333333,241.07770138888887,7.193194444444444,6774.0,411.0,16096.999999999998,24.5187
2010-09-12,26.8682,3.355966666666666,241.6197222222222,4.755694444444444,1805.0,2080.0,8891.0,17.938666666666666
2008-03-05,33.953466666666664,2.348299999999999,241.0652430555556,5.970833333333334,1145.0,9797.0,5529.0,41.72013333333334
2008-06-04,26.481866666666665,2.540066666666666,234.70647222222223,4.8277777777777775,1550.0,7682.0,6507.999999999999,18.667966666666665
2009-09-27,23.507866666666665,3.8413999999999993,241.2218055555556,4.200555555555556,1817.0,4571.0,8554.0,21.6576
2007-08-04,19.083166666666667,2.3204333333333325,235.25722222222225,3.452361111111111,552.0,398.0,7965.999999999999,13.1183
2009-07-18,16.106833333333334,3.638966666666666,242.00627777777777,2.884861111111111,0.0,663.0,5389.0,20.06073333333333
2007-08-06,18.162,2.573899999999999,234.7027430555556,3.317083333333333,1096.0,0.0,7984.999999999999,24.726333333333333
2010-04-25,25.712366666666664,3.9831666666666656,240.66157638888888,4.521527777777778,0.0,2350.0,7595.0,18.045266666666667
2010-05-12,33.923633333333335,2.6632999999999987,241.716625,5.890277777777778,1036.0,4433.999999999999,16362.0,25.90619491525424
2007-07-21,17.6708,3.9359666666666655,234.256625,3.291527777777778,428.0,512.0,7755.999999999999,22.9385011299435
2007-03-06,20.775,3.1024666666666656,240.98806944444445,3.695694444444445,0.0,1740.0,4700.000000000001,39.58676666666667
2007-05-18,27.192166666666665,2.854299999999999,235.9945972222222,4.876666666666667,3270.0,3913.0,8116.000000000001,23.824033333333333
2009-03-11,40.0984,2.287399999999999,241.8211736111111,7.027638888888888,3476.0,7288.0,10737.0,31.45433333333333
2008-10-22,27.4335,2.489066666666666,240.81576388888888,4.836944444444444,661.9999999999999,2542.0,8487.0,30.508233333333333
2009-12-22,31.467033333333333,2.5560333333333323,245.7384375,5.365694444444444,0.0,285.0,15829.0,24.25333333333333
2009-08-23,17.778466666666667,6.1971333333333325,241.55547222222225,3.3304166666666664,949.0,818.9999999999999,6994.0,20.8709
2009-03-06,29.724566666666664,2.1492666666666658,240.7933125,5.263611111111112,1144.0,264.99999999999994,12056.0,28.27443333333333
2007-05-03,18.17063333333333,2.515699999999999,235.13488888888887,3.307638888888889,1906.0,1725.0,7836.0,16.635466666666666
2009-11-10,26.76973333333333,2.7883666666666658,242.50097916666664,4.648194444444444,1118.0,432.0,11788.0,34.008
2008-02-02,48.988323163841805,3.8563265536723152,240.2902092749529,8.653050847457626,6260.881355932203,2771.5254237288136,15205.64406779661,34.7428
2009-07-14,15.190499999999998,4.442899999999999,242.20538888888885,2.8152777777777778,2303.0,618.0,6155.0,11.9679
2008-05-11,26.848666666666663,4.595033333333332,240.4855972222222,4.804166666666666,563.0,1340.0,6930.0,25.4034
2010-01-20,39.19546666666667,3.330999999999999,242.7604375,6.810694444444445,2317.0,3341.0,14563.0,35.63093333333333
2008-05-08,35.2783,4.220733333333333,239.85129166666664,6.178472222222222,3667.0,702.0,12717.0,29.1212
2009-07-05,23.512266666666665,6.385799999999999,241.4445763888889,4.310277777777778,3214.9999999999995,1438.0,8014.0,15.904333333333334
2007-12-03,29.367666666666665,2.198566666666666,241.07959027777773,5.165555555555556,1141.0,298.99999999999994,10428.0,34.4606
2008-01-11,28.4303,1.591399999999999,240.41004861111108,4.963472222222222,1261.0,290.0,7997.0,47.8568
2006-12-17,56.507666666666665,3.766766666666666,240.08702777777776,9.999027777777778,2033.0,4187.0,13341.0,36.73043333333333
2007-12-16,46.036966666666665,2.115633333333333,242.6849861111111,7.992222222222222,3409.9999999999995,2281.0,12929.0,29.966806214689267
2010-09-04,29.064,3.633733333333333,241.10194444444448,5.173472222222222,2605.0000000000005,734.0,13240.999999999998,22.0503
2008-04-09,20.3142,2.2143999999999995,242.3177083333333,3.5229166666666667,0.0,376.0,9002.999999999998,24.6291
2010-04-26,18.045266666666667,2.773666666666666,241.23138194444445,3.169166666666667,1037.9999999999998,460.0,7635.0,20.849
2007-02-12,31.2935,2.278399999999999,240.0985,5.503472222222222,2227.0,399.0,11517.0,23.575766666666667
2008-09-18,25.088166666666663,3.156266666666666,240.32713888888887,4.447361111111111,4202.0,356.99999999999994,7991.0,25.3141
2010-05-20,19.23163333333333,2.318999999999999,242.4507847222222,3.355277777777778,0.0,369.0,10101.0,21.573266666666665
2010-01-05,36.99633333333333,2.482266666666665,244.52103472222225,6.347083333333333,1784.9999999999998,293.0,16468.0,29.619666666666667
2009-04-18,25.20443333333333,2.449299999999999,241.04625,4.428055555555555,1028.0,2613.0,10699.0,21.441133333333333
2007-06-11,13.244233333333332,3.243899999999999,240.85675,2.4179166666666667,0.0,487.0,5328.0,15.312766666666668
2008-03-15,26.27166666666667,2.5735333333333323,240.1979930555556,4.6506944444444445,2550.0,502.0,5910.0,30.032666666666668
2007-04-21,27.894266666666667,3.5443,239.2132361111111,5.035694444444444,6575.0,463.0,11129.0,37.228566666666666
2009-05-12,27.099266666666665,2.500366666666665,240.37677777777776,4.768888888888889,0.0,2713.0,11335.0,20.7733
2008-06-03,26.630266666666664,2.898966666666666,234.15220833333333,4.844166666666667,2897.0,2608.0,9265.0,26.481866666666665
2008-12-03,29.25273333333333,2.078699999999999,243.38372916666663,5.069583333333333,1137.0,302.0,9664.0,28.9773
2007-03-17,33.8015,2.117799999999999,238.22465277777772,5.946111111111112,2208.0000000000005,359.0,12275.0,39.51743333333333
2010-10-09,26.863,4.233666666666665,240.1984375,4.740972222222222,959.0,1585.0,13132.0,33.31506666666667
2007-06-20,17.904766666666667,3.788366666666666,240.15616666666665,3.306805555555556,1761.0,2587.9999999999995,5106.000000000001,13.4491
2009-06-06,24.59083333333333,3.8916,240.5818402777778,4.414305555555555,1769.0,2732.0,10611.0,20.1232
2009-02-14,38.92675632183908,1.982357471264367,241.94756728927203,6.728955938697318,2280.0,3256.0,18543.55172413793,26.433866666666667
2008-02-08,32.5094,1.9849,240.43311805555552,5.747222222222223,940.0,1921.0,9563.0,35.037933333333335
2007-08-29,12.466533333333333,2.923766666666665,240.7449930555556,2.279583333333333,957.0,562.0,4932.0,20.040966666666662
2007-02-24,11.915366666666666,2.036699999999999,239.86310416666663,2.085833333333333,0.0,363.0,3562.0,8.362333333333332
2009-03-03,30.815866666666665,2.1317333333333326,242.89735416666667,5.347083333333333,1158.9999999999998,268.0,13024.0,30.702166666666667
2007-05-01,27.730966666666667,3.026799999999999,234.67870138888887,5.073333333333333,4005.0,995.0,8546.0,16.724766666666667
2007-10-17,26.282166666666665,2.273333333333332,239.19213194444444,4.6369444444444445,1065.0,453.0,8968.0,25.30883333333333
2009-06-27,28.4842,4.5270666666666655,241.81414583333333,5.028194444444445,2663.0,2432.0,13468.0,17.656566666666667
2007-11-12,35.935766666666666,2.2911333333333324,239.82559027777776,6.271944444444444,1018.0,4164.999999999999,13281.0,36.90663333333333
2010-10-23,38.2206,3.551866666666666,242.2435347222222,6.689722222222222,3737.000000000001,3883.0,13465.0,39.871502259887
2009-11-14,42.67426666666667,4.097466666666666,240.22240277777777,7.453472222222223,4169.0,2411.0,18868.0,32.788466666666665
2008-05-03,21.49333333333333,3.3667333333333325,240.8336875,3.800972222222222,996.0,541.0,6534.999999999999,24.516166666666667
2009-09-29,19.10663333333333,3.331299999999999,240.89734722222212,3.3938888888888887,1030.9999999999998,603.0,7322.0,29.590602298850573
2009-04-01,27.35233333333333,2.3841333333333323,242.90603472222224,4.807916666666666,2807.0,2364.0,7309.0,27.405566666666665
2007-12-20,32.49596666666667,1.9905666666666657,243.1679375,5.613333333333333,1859.0,276.0,13592.0,33.04293333333333
2008-04-29,32.876933333333334,3.5892666666666657,240.7069027777777,5.770694444444445,1402.0,5410.999999999999,10480.999999999998,18.3621
2010-08-09,8.917733333333333,2.8581999999999987,241.0692638888889,1.638472222222222,0.0,515.0,4042.0,9.0793
2007-11-24,31.6509,2.5085333333333324,241.8027430555556,5.5126388888888895,1573.0,4131.0,13451.0,23.259966666666664
2008-02-15,33.42013333333333,1.799199999999999,241.89060416666663,5.78125,1109.0,1723.0,13417.0,39.1158
2007-06-03,35.133766666666666,3.040966666666666,234.762375,6.352916666666666,4985.0,7528.999999999999,8334.0,15.193633333333333
2007-01-14,50.19024858757062,3.788414124293785,238.8180349576271,8.97280131826742,1776.9999999999998,4219.084745762712,12991.694915254238,35.8113
2008-05-20,26.355566666666665,3.0680333333333327,241.01960416666665,4.682222222222222,1352.0,2431.0,11977.0,22.06853333333333
2007-07-02,16.1172,2.9487333333333323,240.6718125,2.9277777777777776,1018.0,5281.0,3445.0,17.6652
2009-06-26,21.2887,3.981099999999999,240.5407708333333,3.8409722222222222,1826.0,538.0,9952.0,28.4842
2010-07-07,13.913133333333333,3.4922666666666657,240.6574513888889,2.546666666666667,879.0,760.0,5762.0,20.210866666666668
2010-07-06,16.76556666666667,3.204866666666666,240.52970138888887,3.0056944444444444,0.0,771.0,8451.0,13.913133333333333
2007-06-08,35.80076666666667,3.8288666666666655,236.1974444444444,6.448194444444444,2799.0,11440.0,11380.0,18.716459564164648
2009-08-26,18.942433333333334,4.4869,241.77745833333333,3.432777777777778,2131.0,1516.0,7860.0,12.4911
2008-10-03,26.87633333333333,2.643299999999999,239.8420069444444,4.745694444444444,4801.0,348.99999999999994,9432.0,35.008266666666664
2007-06-12,15.312766666666668,3.6069333333333327,240.2248958333333,2.858611111111111,1882.0,475.0,3898.0,15.454533333333334
2008-05-22,16.281133333333333,2.830266666666666,239.50019444444445,2.955972222222222,996.0,440.0,6474.999999999999,24.7486
2010-02-18,29.3526,2.3333333333333326,243.58819444444444,5.038194444444445,965.0,385.0,14884.0,32.559533333333334
2009-08-16,20.2952,6.817533333333333,240.52084722222224,3.794444444444444,1604.0,1094.0,5691.000000000001,13.098466666666669
2008-04-25,21.1289,2.7037333333333327,241.0071527777777,3.7,824.0,2004.0,9400.0,15.052766666666669
2007-02-28,8.679566666666666,1.889533333333332,242.15959027777777,1.528472222222222,0.0,340.0,1973.0,8.626066666666667
2010-03-29,27.04563333333333,3.451366666666666,241.52158333333333,4.726388888888889,0.0,636.0,15420.0,31.77423333333333
2008-07-30,21.665133333333333,3.7922666666666656,239.08559027777773,4.065138888888889,2547.9999999999995,773.0,6278.0,23.21063333333333
2009-01-09,29.8117,1.9262,244.62240972222224,5.182083333333334,1802.0,272.0,9285.0,35.04913333333333
2008-10-08,31.0096,2.5401666666666656,240.04901388888888,5.43125,1044.0,5126.0,11650.0,33.061366666666665
2009-04-11,41.04076666666666,4.227766666666666,240.9692569444444,7.1752777777777785,3661.0,4286.0,18233.0,35.68353333333334
2007-08-12,20.6984,2.129599999999999,235.66485416666663,3.742777777777778,1123.0,1156.0,8582.0,19.216866666666665
2008-12-22,33.5968,2.081166666666666,241.8644930555556,5.857083333333333,2157.0,391.0,10433.0,29.96813333333333
2007-07-23,16.516966666666665,2.396166666666666,234.5008680555556,3.0759722222222226,1747.0,1288.0,3847.0,13.754733333333332
2007-06-01,17.424609604519773,2.3888084745762708,235.3234074858757,3.1352424670433146,0.0,483.4237288135593,7664.0,24.739366666666665
2007-05-02,16.724766666666667,2.668199999999999,235.5820763888889,3.1415277777777777,6.999999999999996,1490.0,3754.0,18.17063333333333
2009-11-07,25.95293333333333,3.2946666666666657,241.8785833333333,4.510416666666667,2186.9999999999995,408.0,10014.0,41.80003333333333
2009-10-24,43.57346666666666,3.641066666666666,239.8931875,7.658472222222223,6202.0,518.0,15941.0,40.10893333333333
2010-03-02,12.781766666666666,2.273266666666665,241.7520555555556,2.225555555555556,0.0,424.0,3605.0,15.597233333333334
2007-06-24,11.910933333333332,2.9893666666666654,241.13221527777776,2.207638888888889,0.0,791.0,3449.0,17.870033333333332
2007-01-27,34.06786666666667,2.470699999999999,241.6165694444444,5.949861111111112,1170.0,3896.0,12374.0,51.545436723163846
2008-11-12,36.51567586206897,2.6535678160919534,240.3864240900383,6.353065134099617,1066.0,2762.8275862068967,9432.655172413792,20.641
2007-04-04,34.1978,2.871966666666666,240.3317847222222,5.986249999999999,3434.0,420.0,14748.0,30.73463333333333
2007-01-24,49.79756666666667,2.967666666666666,241.45769444444443,8.733611111111111,3464.0,2479.9999999999995,11744.0,26.605733333333333
2008-07-11,20.9036,4.183933333333332,239.5169097222222,3.782222222222222,724.0,557.9999999999999,9251.0,22.14753333333333
2009-05-24,21.4631,2.9533333333333323,242.01796527777776,3.770555555555556,44.99999999999999,446.0,10256.0,22.568266666666663
2010-04-12,23.99043333333333,2.6288333333333327,242.00644444444444,4.164305555555556,660.0,611.0,11949.0,25.21173333333333
2010-10-01,25.08033333333333,2.6297333333333324,240.80197916666663,4.372638888888889,1752.0,724.0,11307.0,32.05423333333333
2008-04-17,23.264366666666668,2.431299999999999,241.4035972222222,4.104305555555555,1719.0,417.0,8638.0,31.03983333333333
2008-04-02,28.19453333333333,2.3756666666666657,238.6671597222222,5.007638888888889,1106.0,3674.0,7989.0,18.8126
2007-01-10,35.913333333333334,3.807533333333332,241.0274513888889,6.357777777777778,771.0,4456.0,11012.0,37.58656666666666
2009-06-07,20.1232,3.648833333333332,241.0185625,3.628888888888889,2076.9999999999995,1640.9999999999998,6034.0,19.646266666666666
2009-09-04,17.073133333333335,3.0177333333333323,242.012875,3.0562500000000004,0.0,636.0,8094.999999999999,25.2311
2007-02-23,21.89133333333333,2.4890666666666657,240.68596527777777,3.825416666666667,0.0,503.0,10786.0,11.915366666666666
2009-05-23,25.509966666666667,3.2208333333333323,240.56841666666665,4.4944444444444445,480.0,1844.0,12578.999999999998,21.4631
2010-04-10,19.8368,2.991999999999999,241.2828611111111,3.48625,1044.0,960.0,8933.0,26.72247514124294
2007-12-22,43.52106666666667,2.3552333333333326,242.1455347222222,7.593472222222222,3819.0,4550.0,12673.0,40.1508
2008-05-09,29.1212,3.831233333333332,240.4712222222222,5.136111111111111,2229.0,423.0,11904.0,31.8188
2009-04-19,21.441133333333333,2.560066666666666,242.65853472222224,3.7484722222222224,2201.0,376.0,8088.000000000001,24.775166666666667
2010-07-12,18.4929,4.765199999999999,240.2186458333333,3.397222222222222,1724.0,646.0,6444.0,23.03523333333333
2008-01-08,34.05916666666666,2.1241999999999988,240.8218055555556,5.989999999999999,2197.0,3511.0,9793.0,29.80733333333333
2008-12-24,21.160633333333333,1.9219666666666653,243.960625,3.633611111111111,0.0,364.0,9981.0,17.6853
2008-12-07,41.11233333333333,3.0037333333333325,242.23854166666663,7.157361111111111,3294.0,310.0,13627.0,31.143933333333333
2010-06-12,32.91399265536723,4.5306824858757055,240.35367890772127,5.848655838041431,2705.0,3661.288135593221,16203.237288135591,27.905933333333333
2008-03-19,21.807466666666667,2.3749666666666656,242.4022152777778,3.8255555555555554,2110.0,411.0,6154.0,20.8879
2007-09-11,16.392866666666666,2.529399999999999,240.0719930555556,2.952083333333333,943.0,550.0,5792.0,21.462733333333333
2007-03-02,8.5948,1.7834666666666656,240.5915972222222,1.5068055555555555,0.0,339.99999999999994,1969.0,13.652033333333332
2007-08-10,17.133499999999998,1.9609333333333323,234.4888125,3.129722222222222,336.0,2651.0,8287.0,18.194166666666668
2008-03-09,26.00763333333333,2.259566666666666,240.74638194444444,4.591111111111111,2607.0,333.0,4155.0,26.9781
2008-01-20,29.00613333333333,2.3102333333333323,239.94454166666665,5.148888888888889,1775.0,380.0,4940.0,30.9833
2010-09-16,22.328966666666663,2.855833333333333,240.4117708333333,3.934027777777778,1038.0,739.0,10309.999999999998,24.96013333333333
2007-06-15,16.493399999999998,4.196033333333332,240.46438194444443,3.06625,2269.0,4011.000000000001,4547.0,33.62936666666666
2007-01-04,54.32353333333333,3.3717,239.7502986111111,9.478194444444444,1051.0,7597.0,10896.0,45.22273333333333
2010-05-24,22.355533333333334,3.800666666666666,241.03509722222225,3.971111111111112,1875.0,2467.0,7746.0,19.9771
2009-08-21,19.36243333333333,4.372699999999999,240.61175694444444,3.5033333333333334,3043.0,887.0,7527.0,25.8123
2007-11-27,46.68353333333334,2.3332333333333324,241.32109722222225,8.15625,1063.0,11020.0,15111.0,27.415666666666667
2009-07-21,13.5627,4.444999999999999,242.522875,2.500555555555556,0.0,981.0,7794.999999999999,12.325533333333333
2009-05-18,20.1651,2.575999999999999,240.9586736111111,3.5181944444444446,763.0,374.0,8971.0,26.95573333333333
2008-08-07,5.5814,3.5823333333333327,239.3123263888889,1.1206944444444444,0.0,526.0,2357.0,5.036666666666666
2007-02-16,28.375466666666664,2.5281,240.8209444444444,5.0465277777777775,1148.0,859.0,8689.0,34.6152
2010-04-06,30.430866666666667,2.843566666666666,242.7441111111111,5.258888888888889,1154.0,613.0,12476.0,26.616366666666664
2007-09-19,21.64473333333333,2.529899999999999,240.30520833333333,3.883333333333333,0.0,2743.0,7937.0,20.92553333333333
2010-02-13,39.1926,2.4132333333333325,242.88909027777777,6.744027777777778,1838.0,5291.999999999999,18710.0,28.13254237288136
2009-05-11,25.286266666666663,2.640666666666666,240.25132638888888,4.430972222222223,1035.0,457.0,11009.0,27.099266666666665
2010-01-28,35.170566666666666,2.641999999999999,243.2490347222222,6.0633333333333335,2032.0,504.0,14987.0,34.88316666666667
2010-08-26,12.620866666666666,2.9682333333333326,241.8138125,2.3005555555555555,0.0,538.0,5078.0,33.844166666666666
2007-09-25,29.4057,2.1679666666666657,238.0996111111111,5.206388888888889,916.0,2253.0,9820.0,30.449067816091954
2010-11-20,36.61676666666666,2.562799999999999,240.6083333333333,6.472361111111112,4367.0,2946.9999999999995,11433.0,15.015166666666667
2008-11-14,27.028966666666665,2.1315666666666657,241.0218194444444,4.755555555555556,2092.0,324.99999999999994,9929.0,50.52713333333333
2007-12-24,37.6308,2.495899999999999,242.6504236111111,6.549722222222222,2985.0,2316.0,14350.0,44.916133333333335
2010-07-26,14.735833333333334,2.9643333333333324,240.93763194444443,2.658333333333333,0.0,2246.0,4147.0,15.872666666666667
2007-01-22,36.341566666666665,2.810699999999999,241.6031319444444,6.355277777777778,1054.0000000000002,2983.0,11361.0,29.627333333333333
2008-12-25,17.6853,1.9480333333333324,243.2330625,3.038611111111111,0.0,285.0,3598.0,20.395533333333333
2010-06-09,25.57803333333333,3.042233333333333,241.18673611111112,4.544722222222222,2774.0,4268.999999999999,8254.999999999998,20.253166666666665
2008-10-13,24.366266666666665,2.464899999999999,240.8094236111111,4.254305555555555,1037.0,535.0,9482.999999999998,26.8176
2009-09-10,18.53923333333333,3.373199999999999,241.22895138888887,3.3091666666666666,928.0,600.0,6508.0,20.235766666666667
2010-06-27,18.9994,5.078499999999999,239.94747916666665,3.4852777777777777,2665.0,764.0,7689.999999999999,24.52233333333333
2008-06-20,27.935066666666664,3.790333333333333,239.9391875,5.008194444444444,2948.0,2935.0000000000005,12417.0,28.90423333333333
2010-01-29,34.88316666666667,2.4612333333333325,243.6328055555556,5.978611111111111,1487.9999999999998,851.0,18061.0,47.3788
2008-11-08,28.88563333333333,2.2194666666666656,239.30802777777777,5.104722222222223,1114.0,3271.0,6069.0,42.97563333333333
2008-12-28,26.177366666666668,1.870799999999999,244.56038194444443,4.42,1953.0,217.0,5291.0,9.254633333333333
2007-06-30,22.255233333333333,3.1392333333333324,240.01161111111108,3.9715277777777778,3049.0,792.0,8376.0,17.111066666666666
2009-07-01,20.3057,4.429033333333332,241.8092986111111,3.6469444444444448,989.0,590.0,9747.0,20.709633333333333
2008-03-21,34.4407,3.730399999999999,241.36990972222225,6.038194444444444,2171.0,4778.0,13275.0,34.22526666666666
2009-05-07,16.877466666666667,2.2501333333333324,241.1735138888889,2.972777777777777,0.0,374.0,7991.999999999999,30.9526
2008-01-18,36.4498,1.988166666666666,239.9329305555556,6.432222222222222,1034.0,846.0,14983.0,33.0051
2008-10-26,8.724866666666665,1.9254999999999995,242.12346527777777,1.4991666666666663,0.0,360.0,2013.0,8.731533333333333
2009-01-19,28.3311,1.987899999999999,243.12617361111108,4.924444444444444,1118.0,376.0,10279.0,28.967133333333333
2010-11-02,19.851366666666664,3.108666666666666,245.78691666666663,3.421805555555556,0.0,574.0,5783.999999999999,21.55496666666667
2008-12-18,28.949,1.9678333333333324,242.8590625,4.989305555555556,1125.0,258.0,11293.0,31.36853333333333
2008-02-13,31.674966666666663,2.1413,241.20309722222223,5.5801388888888885,2530.0,3615.0,7568.0,26.7437
2007-12-31,36.942366666666665,2.425599999999999,241.09479166666665,6.455000000000001,0.0,3457.0,14071.0,45.99563333333333
2008-02-06,27.825666666666667,1.9043333333333323,238.41371527777773,4.933611111111111,2114.0,355.99999999999994,8428.0,25.305166666666665
2007-03-01,8.626066666666667,1.7937999999999992,241.32140277777776,1.5088888888888887,0.0,316.0,1980.0,8.5948
2010-08-16,18.82883333333333,3.0835999999999992,241.07695833333327,3.4175,1530.0,463.0,7328.0,18.933366666666668
2010-01-07,29.4907,1.9170666666666656,244.9085625,5.069722222222223,1198.0,255.0,12936.0,29.953466666666667
2008-05-04,24.516166666666667,3.4903666666666657,241.38047916666665,4.3625,2196.0,2872.0,5464.0,22.7822
2009-03-25,30.64623333333333,3.2339333333333324,243.1130625,5.353055555555556,2780.0,3315.0,10287.0,20.1834
2007-07-04,16.7235,4.222233333333333,240.65963194444444,3.095416666666667,2329.0,2218.0,5632.0,17.6215
2009-12-24,48.43156666666667,3.394333333333332,245.8351180555556,8.29361111111111,5184.0,5574.999999999999,15197.999999999998,35.4608
2008-08-28,4.470766666666666,2.9016333333333324,240.5426527777778,0.875,0.0,432.0,1631.0,4.459799999999999
2007-04-10,12.956066666666665,2.4823333333333326,240.8137013888889,2.3473611111111112,209.0,742.0,2572.0,14.791366666666669
2008-02-11,28.200266666666668,1.704099999999999,241.69219444444445,4.931805555555555,1018.0,296.99999999999994,8930.0,33.12996666666667
2008-08-13,4.709733333333332,3.0639333333333325,240.8715138888889,0.9315277777777776,0.0,451.0,1789.0000000000002,4.504299999999999
2009-07-03,14.402466666666664,4.0999333333333325,241.92334722222225,2.6351388888888887,856.0,642.0,7371.0,20.6428
2008-08-16,4.580233333333332,3.0279666666666656,242.09534722222224,0.8994444444444444,0.0,442.0,1688.0,4.579933333333332
2010-09-21,18.52293333333333,2.9952333333333323,240.91864583333333,3.3115277777777776,0.0,679.0,7969.0,25.17323333333333
2007-03-16,28.367566666666665,2.1701333333333324,239.52713194444445,4.992361111111111,1106.0,4604.0,5370.0,33.8015
2009-04-17,34.04683333333333,2.853299999999999,241.32772916666667,5.966944444444445,0.0,5224.0,7655.0,25.20443333333333
2010-10-24,39.871502259887,4.491430508474576,243.02275141242936,6.971162900188324,1982.0,7559.254237288135,13240.93220338983,19.3882
2010-09-20,28.0472,3.2535666666666656,241.49373611111108,4.985972222222222,3323.0,766.0,13262.0,18.52293333333333
2009-01-12,26.487966666666665,1.8737999999999992,245.52706944444444,4.513888888888888,0.0,261.0,12147.0,36.376666666666665
2008-05-02,24.9628,3.4261333333333326,241.6489444444444,4.377777777777777,3114.0,584.0,8687.0,21.49333333333333
2010-01-19,40.55846666666667,2.695899999999999,243.02311111111112,7.004583333333333,2044.0,653.0,19311.0,39.19546666666667
2010-09-30,20.80463333333333,2.5539333333333327,242.30779166666665,3.6041666666666665,0.0,771.0,7988.0,25.08033333333333
2010-01-25,32.17516666666666,2.4612333333333325,242.8986111111111,5.55,1368.0,455.0,16136.0,34.4594
2010-01-23,43.5178615819209,4.34203220338983,240.8291104048964,7.667379943502826,3154.0,4086.000000000001,16039.593220338982,37.82366666666667
2006-12-28,34.54396666666666,3.481266666666666,243.2683333333333,6.08625,2207.0,4418.999999999999,9176.0,52.90653333333333
2008-01-21,30.9833,2.039999999999999,239.56475,5.5190277777777785,0.0,376.0,10447.0,38.7503
2007-10-01,28.682033333333333,2.445566666666666,239.23991666666663,5.07375,1507.0,6622.0,5960.000000000001,36.647733333333335
2008-06-28,20.14666666666667,3.515899999999999,239.1423819444444,3.685972222222222,0.0,2000.0,7931.999999999999,12.4892
2007-01-28,51.545436723163846,2.55697627118644,240.30172481167608,9.134752824858756,3466.0,3997.5593220338974,12062.033898305086,33.0444
2009-04-10,30.7019,2.763199999999999,242.03448611111108,5.329166666666667,2057.0,2822.0,13828.0,41.04076666666666
2007-06-06,28.26410790960452,3.854320903954801,234.62019279661016,5.111885593220339,3335.35593220339,829.5084745762712,11679.525423728814,16.4167
2008-02-10,36.4119,2.5289333333333324,241.2752013888889,6.396805555555556,2561.9999999999995,2955.0,10128.0,28.200266666666668
2008-07-19,22.400233333333333,3.4671666666666656,239.1511180555556,4.019722222222223,2941.0,3145.9999999999995,7675.999999999999,15.692233333333332
2009-04-03,22.721,2.209966666666665,241.8118888888889,3.982916666666666,0.0,326.0,8556.0,36.52053333333333
2007-09-14,18.9245,3.0521,239.30189583333333,3.444722222222222,901.0,676.0,5804.0,18.2552
2009-12-01,29.27296666666667,2.364566666666666,242.63315277777772,5.078333333333333,0.0,353.99999999999994,10821.0,39.09446666666667
2008-02-20,37.56316666666667,3.171133333333332,241.6696875,6.608333333333333,3655.0,5516.0,7704.0,27.230833333333333
2008-11-10,35.14887777777778,2.6063703703703696,239.6410262345679,6.201604938271605,1023.0,356.55555555555554,10387.222222222224,40.9325
2010-03-05,18.895433333333333,2.256933333333332,243.4863125,3.26625,1108.0,351.0,5918.0,13.2452
2010-04-18,24.601766666666663,2.4705333333333326,240.68122916666667,4.280833333333333,1104.0,617.9999999999999,12550.0,28.476566666666667
2008-06-17,19.08473333333333,2.924399999999999,240.3544305555556,3.4345833333333338,1080.0,432.0,10094.0,31.560133333333333
2010-08-23,12.760966666666668,3.446599999999999,242.04542361111112,2.3279166666666664,0.0,565.0,6106.0,12.049133333333334
2008-10-25,26.71438299319728,1.912682312925169,240.87204818594105,4.651159297052154,737.0,418.1428571428572,14180.102040816326,8.724866666666665
2008-11-09,42.97563333333333,3.5157666666666656,238.45406944444449,7.620972222222222,6301.0,661.0,14348.0,35.14887777777778
2009-06-19,18.11443333333333,2.737666666666666,241.3175833333333,3.208472222222222,969.0,475.0,7736.999999999999,18.451666666666664
2010-05-31,22.34103333333333,2.431233333333332,240.6902083333333,3.973055555555556,1710.0,2171.0,10461.0,21.1494
2009-04-20,24.775166666666667,2.8250333333333324,241.9045555555556,4.333333333333333,0.0,2644.0,10476.0,31.576633333333334
2010-10-25,19.3882,2.655466666666665,242.4061527777777,3.392222222222222,0.0,541.0,6747.999999999999,15.765066666666666
2007-05-29,17.689,1.887399999999999,235.6943472222222,3.207222222222222,0.0,1907.0,4332.0,26.8311
2009-06-03,22.60963333333333,3.348766666666666,240.40592361111112,4.076666666666667,940.0,1370.0,11577.0,17.261
2009-09-09,25.355733333333333,3.726199999999999,241.3085069444444,4.49125,964.0,3832.0,10671.0,18.53923333333333
2010-08-14,9.237833333333333,2.675166666666666,241.165875,1.6834722222222225,0.0,512.0,4471.0,17.599766666666667
2007-09-04,26.41573333333333,2.993766666666666,239.65966666666665,4.755972222222222,2928.0,3500.9999999999995,9821.0,20.60953333333333
2009-12-30,40.85183333333333,4.446566666666666,241.05222916666665,7.1684722222222215,5284.0,4539.0,12484.0,36.86486666666666
2007-11-21,29.24553107344633,2.193979096045197,241.4962515301318,5.1197198681732585,1140.1525423728815,548.9999999999999,9472.593220338984,32.2063
2010-08-27,33.844166666666666,5.071966666666666,240.8594583333333,5.994027777777777,930.0,7583.0,12707.0,24.0476
2007-01-01,45.81673333333333,2.4694333333333325,240.12897916666665,7.916944444444444,0.0,352.0,5880.0,21.15393333333333
2008-05-19,17.171033333333334,2.9289333333333323,240.431875,3.0694444444444446,1014.0,557.9999999999999,7502.999999999999,26.355566666666665
2007-11-10,43.52666666666666,3.9608666666666656,239.11040972222224,7.706944444444445,3697.0,304.0,13767.0,31.452066666666667
2009-01-27,23.7505,2.2606,243.93760416666663,4.167916666666667,896.0,278.0,6608.0,45.362233333333336
2008-08-19,4.578199999999999,3.010366666666666,240.89473611111111,0.9033333333333332,0.0,442.0,1697.0,4.474533333333333
2010-05-29,34.163466666666665,3.4268666666666654,240.2017083333333,6.040555555555556,4057.000000000001,400.0,16635.0,27.761666666666667
2010-02-06,45.216433333333335,4.9435666666666656,241.09206944444443,7.933194444444443,4324.0,2209.0,17857.0,27.095133333333333
2009-10-07,30.3639,3.4570333333333325,241.2119583333333,5.339027777777777,734.0,4334.0,9908.0,26.2861
2009-06-17,16.466933333333333,3.2143333333333324,241.29550694444444,2.958888888888889,975.0,610.9999999999999,7193.0,19.42833333333333
2007-07-31,13.538866666666664,2.4297666666666657,234.9148125,2.5025,3277.0,0.0,3575.0,18.04461025641025
2007-06-18,11.3079,3.013499999999999,240.7762013888889,2.07875,0.0,529.0,4241.0,14.072009195402298
2010-11-19,26.17333333333333,2.048799999999999,240.04675694444447,4.578472222222223,0.0,483.00000000000006,11914.0,36.61676666666666
2007-03-26,23.601366666666667,2.682766666666666,241.3368125,4.183055555555556,1088.0,344.0,9096.0,18.419
2009-04-05,22.9286,3.050199999999999,242.31370833333327,4.1120833333333335,3832.0,357.0,6503.0,24.210566666666665
2009-01-16,46.109233333333336,2.998666666666666,242.5689722222222,8.040555555555555,5811.0,3158.0,15220.0,55.297
2008-05-25,34.141733333333335,4.840266666666666,239.9456458333333,6.136527777777778,4307.0,8811.0,6016.0,21.495166666666663
2009-01-20,28.967133333333333,2.2313333333333323,243.39985416666664,4.979722222222223,0.0,282.0,13727.0,28.990566666666663
2007-01-08,37.356,3.459466666666666,239.5769513888889,6.551666666666667,0.0,467.0,17547.0,31.1509
2007-12-12,26.4677,1.948099999999999,242.47632638888888,4.591111111111111,1152.0000000000002,254.0,7759.0,30.795766666666665
2008-12-23,29.96813333333333,2.517999999999999,241.77054861111108,5.250694444444444,2666.0,2115.0,8326.0,21.160633333333333
2010-03-14,26.1119,3.3438666666666657,241.9863125,4.594861111111111,3464.0,918.0,7101.0,29.864166666666662
2010-08-03,10.253533333333332,2.9519333333333324,241.5017013888889,1.853055555555556,0.0,527.0,4096.0,9.055933333333332
2008-08-23,4.244033333333332,2.8237,242.14265972222225,0.8308333333333334,0.0,419.0,1485.0,4.245266666666666
2010-04-17,25.961866666666666,2.497699999999999,241.3051736111111,4.548055555555556,553.0000000000001,3124.0,12571.0,24.601766666666663
2007-11-26,26.161933333333334,1.9508333333333323,241.1164930555556,4.601388888888889,1088.0,288.0,8926.0,46.68353333333334
2008-02-25,8.408133333333334,1.5286666666666655,239.77600694444445,1.4555555555555555,0.0,321.0,1856.0,8.452
2008-04-07,25.6473,2.3546666666666662,243.2283263888889,4.484166666666667,2419.9999999999995,672.0,9466.0,44.29193333333333
2007-07-26,15.408333333333331,1.918199999999999,234.9437222222222,2.838194444444444,975.0,3633.0,4346.0,20.0419
2009-06-23,17.32023333333333,2.7311999999999994,241.2132638888889,3.0751388888888886,1010.0,1261.0,8186.0,25.581233333333333
2010-05-27,22.0557,3.2639333333333327,239.92095138888888,3.91125,932.0,443.0,10669.0,23.30273333333333
2009-10-03,28.61233333333333,4.256599999999999,240.63635416666668,5.050416666666667,3644.0,920.0,14479.999999999998,27.01843333333333
2010-10-17,17.456366666666664,3.091566666666666,242.27582638888887,3.0640277777777776,995.0,666.0,4681.0,45.2314
2007-03-20,34.770466666666664,2.7478333333333325,240.81563888888888,6.15125,3745.0,2837.0,11255.0,35.70153333333333
2009-09-30,29.590602298850573,3.5400655172413784,240.75648275862068,5.232969348659004,970.0,8079.999999999999,9234.379310344828,21.4542
2008-11-16,39.42386666666667,2.7188333333333325,240.49413888888887,6.919027777777778,4791.0,1829.0,8944.999999999998,25.393933333333333
2009-09-18,22.90053333333333,2.8202,241.0992013888889,4.038611111111111,1993.0,652.0,9151.0,35.595166666666664
2007-05-23,24.4156,2.764633333333332,234.8124930555556,4.3975,956.0,3792.0,8119.0,19.2398
2010-05-14,28.70243333333333,2.6647333333333325,242.06722916666664,4.981944444444444,1044.9999999999998,334.0,16764.0,32.412866666666666
2010-11-23,26.292266666666663,2.290833333333332,240.57552777777772,4.674444444444444,1871.0,458.0,7611.000000000001,29.937466666666666
2009-02-17,13.331344444444444,1.9535222222222213,242.25654861111107,2.31537037037037,0.0,288.66666666666663,4050.3333333333335,13.774166666666666
2008-07-23,15.7105,2.7065333333333323,240.0961180555556,2.8494444444444444,1233.0,454.0,6324.999999999999,18.224166666666665
2008-11-23,56.7859779661017,3.449901694915253,239.1502085687382,10.049585687382296,3631.0,8837.77966101695,10278.338983050848,53.54996666666666
2010-04-04,28.17313333333333,3.982933333333332,241.74743055555555,4.925694444444445,1097.0,831.0000000000001,12687.0,18.647
2008-04-21,19.4026,2.9233333333333325,241.9924930555556,3.404166666666667,0.0,2673.0,6788.0,27.12793333333333
2008-07-02,19.12003333333333,4.442299999999999,238.96197916666665,3.5695833333333336,962.0,649.9999999999999,7002.0,18.306
2009-03-01,41.19531016949152,3.15532824858757,242.13981508945383,7.228356873822975,11208.322033898306,2740.5254237288136,8852.084745762713,24.624033333333333
2008-05-16,27.502436781609195,3.925331034482757,239.6183022030652,4.921824712643678,2228.0,2567.3793103448274,8956.310344827587,27.624233333333333
2008-09-14,26.2721,3.229099999999999,239.88898611111108,4.735,4673.0,445.0,6538.0,28.29513333333333
2010-06-14,20.29973333333333,2.9773333333333323,241.6168333333333,3.61375,958.0,473.0,10336.0,20.39943333333333
2009-02-18,13.774166666666666,1.8843999999999992,242.23109722222225,2.355833333333333,0.0,297.0,5471.0,12.2878
2007-04-12,8.961766666666666,2.4635333333333325,240.2560625,1.5979166666666669,0.0,541.0,1818.0,9.1837
2008-12-30,19.92063333333333,1.8867666666666656,244.63816666666665,3.401805555555556,0.0,245.00000000000003,7145.0,32.736466666666665
2009-03-30,24.6242,2.188733333333332,242.7285208333333,4.304722222222222,1085.0,295.0,9901.0,30.391366666666663
2007-04-15,12.102733333333331,2.8590666666666658,240.2366875,2.1865277777777776,0.0,1026.0,2892.9999999999995,15.873166666666666
2008-10-07,28.77613333333333,3.1205666666666656,238.85286805555555,5.166111111111111,1016.0000000000002,419.0,9476.0,31.0096
2008-09-16,20.364366666666665,2.600999999999999,240.94875,3.619305555555556,0.0,368.0,8249.0,25.32016666666667
2007-12-25,44.916133333333335,2.530199999999999,242.9808680555556,7.790972222222223,4588.0,3368.0,9084.0,43.004666666666665
2007-09-15,18.2552,3.0744333333333325,240.0019722222222,3.2781944444444444,0.0,1449.0,6464.0,27.537066666666664
2008-10-06,23.7297,2.0867333333333327,239.11907638888889,4.216388888888889,990.0,286.0,9562.0,28.77613333333333
2009-07-17,12.1968,2.985566666666666,241.5946180555556,2.1952777777777777,0.0,626.0,6669.999999999999,16.106833333333334
2009-03-22,28.152833333333334,2.171333333333332,241.5276111111111,4.950555555555556,2017.0,3778.0,9015.0,21.6075
2009-05-05,28.8579,2.3652333333333324,240.8184930555556,5.057222222222221,1049.0,5539.0,10166.0,22.498366666666666
2007-02-01,30.412666666666667,2.504399999999999,240.3921388888889,5.3325000000000005,1170.0,386.0,13145.0,27.7956
2010-05-05,30.088466666666665,2.1533333333333324,236.10560416666667,5.36513888888889,2969.0,2194.0,12183.0,21.65416666666667
2009-09-13,26.19477062146893,4.52142033898305,240.24933286252352,4.688841807909604,4146.0,612.0847457627119,10189.016949152545,26.247633333333333
2009-05-15,23.703766666666667,2.3424333333333327,240.95720138888888,4.182777777777778,1382.0,494.00000000000006,12195.0,33.4563
2009-02-01,30.72397451745825,2.5830738234656248,244.82056803929007,5.361381569435408,3330.0,657.2758620689655,7493.999999999999,26.721666666666664
2006-12-21,28.62822183908046,2.406485057471264,241.0413096264368,5.030114942528736,1764.9999999999998,2623.0,10421.0,39.0223
2009-09-25,19.350266666666663,3.4649333333333328,241.4229236111111,3.483611111111111,0.0,594.0,9694.0,25.937566666666665
2007-09-10,18.62293333333333,2.9582999999999986,239.3886597222222,3.36375,935.0,595.0,5613.0,16.392866666666666
2010-01-21,35.63093333333333,3.0903333333333323,242.95125,6.161944444444444,894.0,449.0,16451.0,29.843766666666667
2010-07-15,27.23402937853108,3.2073175141242927,240.36863735875704,4.786840866290019,1077.1016949152545,2179.0,8204.694915254238,13.6676
2008-03-08,37.47766666666666,3.951333333333333,241.5909513888889,6.588333333333334,6286.0,346.0,8434.999999999998,26.00763333333333
2009-09-24,23.770966666666663,3.7346,240.3872361111111,4.235,1051.0,621.0,10374.0,19.350266666666663
2009-04-06,24.210566666666665,2.1923333333333326,242.3011458333333,4.225555555555556,799.0,333.0,10141.0,24.00153333333333
2010-06-16,29.4682,3.051299999999999,240.75138194444443,5.18375,1875.0,4999.0,10336.0,17.133633333333332
2007-10-21,32.36566666666667,2.5671333333333326,241.49074305555555,5.701666666666667,3712.0,4357.0,7313.0,27.548266666666667
2010-06-18,22.205266666666667,2.8569666666666658,240.52340972222223,3.945972222222222,977.0,454.0,11976.999999999998,23.603666666666665
2007-10-30,13.5168,1.4973333333333323,240.62592361111112,2.3513888888888888,0.0,1935.0,4256.0,21.38683333333333
2007-05-19,23.824033333333333,2.7976333333333323,234.94472222222225,4.319305555555555,4683.0,530.0,7022.0,32.80546666666667
2008-07-17,21.985366666666668,3.991766666666666,239.9170347222222,4.026666666666666,1122.0,722.9999999999999,8280.0,21.0264
2007-02-05,27.421333333333333,2.453799999999999,240.8103125,4.820416666666667,896.0,2563.9999999999995,7849.0,21.224666666666668
2010-01-06,29.619666666666667,2.534666666666665,245.2348125,5.1120833333333335,1730.9999999999998,3256.0,11359.0,29.4907
2008-12-16,29.9515,1.9099666666666657,243.8799027777778,5.192638888888889,0.0,253.0,11334.0,34.97976666666666
2009-04-02,27.405566666666665,2.0793666666666657,242.2396388888889,4.761388888888889,1127.9999999999998,324.0,13500.0,22.721
2008-04-04,27.198633333333333,2.0884333333333327,241.3310555555556,4.726388888888889,2133.0,775.0,13246.0,32.84603333333333
2009-08-24,20.8709,4.751733333333332,241.06553472222225,3.771805555555556,2278.9999999999995,737.0,8247.0,15.726833333333332
2008-10-04,35.008266666666664,3.6033333333333326,240.17440277777777,6.144861111111111,3462.0,629.0,12573.0,25.8325
2008-01-24,27.41703333333333,1.7384333333333324,240.77922916666668,4.8879166666666665,1107.0,320.0,5935.0,37.33093333333333
2008-05-15,19.379466666666666,3.962066666666666,240.35039583333327,3.522083333333333,867.9999999999999,570.0,6820.0,27.502436781609195
2007-11-06,34.7063,3.342099999999999,238.70195833333327,6.149861111111111,1104.9999999999998,5515.0,10690.0,30.745966666666664
2007-01-05,45.22273333333333,2.885899999999999,240.4957638888889,7.885138888888889,1483.0,379.0,7602.0,25.13963333333333
2008-11-04,26.0386,2.024599999999999,240.80244444444443,4.652361111111111,0.0,6214.0,4106.0,52.24883333333333
2007-01-21,56.7877,3.8289333333333326,238.96811805555555,10.190694444444444,10346.0,5567.0,11599.0,36.341566666666665
2009-06-10,26.7166,2.6534666666666658,240.71608333333333,4.733888888888889,1032.0,4745.0,9889.0,21.6775
2009-03-27,28.56543333333333,3.017899999999999,242.6286458333333,5.015138888888889,1103.0,526.0,9947.0,37.68293333333333
2010-06-30,23.068933333333334,3.9764666666666657,240.6109583333333,4.09375,398.0,806.0,5214.0,22.483366666666665
2008-02-01,25.57753333333333,2.9874999999999994,240.3602708333333,4.5176388888888885,336.0,280.0,7241.0,48.988323163841805
2009-07-02,20.709633333333333,4.605299999999999,241.96674305555555,3.715,636.9999999999999,602.9999999999999,8032.0,14.402466666666664
2008-06-10,17.78483333333333,3.6002999999999994,239.97804861111112,3.204861111111111,907.0,585.0,8992.0,18.7201
2009-01-17,55.297,2.742399999999999,241.63154166666664,9.578888888888889,2477.0,3154.0,15322.0,52.5699
2009-11-23,24.5187,2.472299999999999,242.74271527777776,4.236666666666667,0.0,402.0,8230.0,35.48093333333333
2007-08-23,18.538533333333334,2.6325666666666656,240.6473055555556,3.330277777777777,2502.0,259.0,5342.0,27.62204463276836
2009-02-12,32.811,1.988066666666666,242.91152777777776,5.682638888888889,1109.0,299.0,17724.0,28.16703333333333
2008-04-23,22.62213333333333,3.158366666666666,241.51134027777772,3.9675,1380.0,492.0,8406.0,17.3962
2007-05-24,19.2398,2.2593333333333327,235.5460625,3.4620833333333336,955.0,4116.0,4746.0,26.903666666666663
2009-08-14,12.477933333333333,4.022133333333333,241.17957638888888,2.2831944444444443,429.0,850.0,4647.0,25.234366666666663
2009-04-22,24.936633333333333,3.398466666666666,241.27485416666664,4.372777777777777,1024.0,1203.0,13264.999999999998,19.02433333333333
2008-09-06,31.1429,3.971533333333333,239.33977777777773,5.524444444444445,2948.0,6500.0,13399.999999999998,22.8776
2008-11-05,52.24883333333333,4.297,239.4807708333333,9.239166666666666,7597.0,10409.0,8362.0,26.473966666666666
2008-07-12,22.14753333333333,4.4354,240.05927777777777,4.050416666666666,4436.0,2617.0,7231.0,20.93828735632184
2010-09-15,16.4349,3.659299999999999,241.2967777777777,2.953194444444444,0.0,898.0,6018.0,22.328966666666663
2007-01-03,16.9009,3.278799999999999,243.55709027777772,3.014027777777778,0.0,344.0,4764.999999999999,54.32353333333333
2007-04-23,17.5761,2.260666666666665,237.2356458333333,3.2641666666666667,1401.9999999999998,506.0,6005.000000000001,17.201666666666664
2009-07-09,14.1042,3.244199999999999,242.591125,2.611805555555556,0.0,656.0,4783.0,19.91183095238095
2009-09-02,20.380233333333333,3.4643,241.8177708333333,3.638194444444444,947.0,659.0,9921.0,20.853133333333336
2010-10-28,24.38876666666667,3.120666666666666,246.25389583333333,4.2001388888888895,1103.0,2627.0000000000005,9087.000000000002,20.0737
2007-06-29,21.74006779661017,3.437563276836157,240.18063641713744,3.940374293785311,4363.0,666.9999999999999,6797.0,22.255233333333333
2009-09-14,26.247633333333333,3.994433333333333,241.47695833333333,4.6575,2843.0,603.0,9091.0,24.2801
2010-10-22,27.814866666666667,2.4753666666666656,242.79820138888888,4.783194444444445,1106.0,478.0,12696.999999999998,38.2206
2008-08-18,4.562633333333332,2.968299999999999,241.3558402777778,0.8943055555555556,0.0,440.00000000000006,1719.0,4.578199999999999
2007-06-19,14.072009195402298,3.137954022988505,240.26746455938692,2.562978927203065,973.0,536.5862068965517,4376.758620689655,17.904766666666667
2007-10-18,25.30883333333333,2.0416666666666656,239.80028472222224,4.43375,1162.0,316.99999999999994,9864.0,34.7608
2008-04-30,18.3621,2.8592666666666657,241.4336458333333,3.218611111111111,1057.0,589.9999999999999,6653.0,9.600233333333332
2010-05-06,21.65416666666667,1.9783999999999995,235.9891111111111,3.8222222222222224,0.0,301.0,10280.0,27.400066666666667
2010-11-01,23.053,3.118099999999999,246.3795972222222,3.937638888888889,0.0,634.0,8746.0,19.851366666666664
2010-03-11,32.518166666666666,2.539799999999999,242.6814444444444,5.639444444444444,2071.0,320.0,15706.0,27.42373333333333
2008-05-21,22.06853333333333,3.172099999999999,240.76051388888888,3.9166666666666665,1989.0,474.0,9251.0,16.281133333333333
2009-11-30,29.0865,2.556366666666666,243.76430555555555,5.022361111111112,1080.0,361.0,12039.0,29.27296666666667
2008-04-10,24.6291,2.727999999999999,241.94904861111112,4.305416666666667,3260.9999999999995,457.0,6526.999999999999,31.2944
2007-05-27,35.8968,3.6649,234.9084375,6.5065277777777775,4366.0,5534.0,10444.0,27.29113333333333
2007-01-02,21.15393333333333,3.172366666666666,241.94377777777777,3.7140277777777775,0.0,348.0,6562.0,16.9009
2009-12-03,24.661466666666666,2.420366666666666,243.2840972222222,4.293333333333334,1039.0,402.0,9906.0,28.521566666666665
2008-06-19,26.46803333333333,3.1569666666666656,239.2726875,4.737916666666666,3411.0,1514.0,10911.0,27.935066666666664
2008-10-09,33.061366666666665,3.031666666666666,239.2754236111111,5.812361111111112,1032.0,3064.0,11652.0,25.305633333333333
2010-03-01,21.645466666666668,2.167933333333332,241.8227777777778,3.7577777777777777,1785.0,471.0,7115.0,12.781766666666666
2009-10-11,32.31388644067797,4.478825988700564,240.64871916195847,5.744569209039548,4111.0,6454.0,8649.542372881355,22.526733333333333
2010-04-02,27.47703333333333,2.548433333333332,242.7735208333333,4.733472222222223,0.0,483.0,13074.0,30.087966666666667
2009-08-10,17.822633333333332,4.9708,241.0285,3.2770833333333336,0.0,3719.0,6011.999999999999,15.849233333333334
2010-08-29,27.808,3.1948999999999987,241.00794444444443,4.937777777777778,3005.0,534.0,13095.0,24.913366666666665
2007-09-30,25.2715,2.7264666666666657,240.06478472222224,4.4525,1404.9999999999995,582.0,10225.0,28.682033333333333
2009-02-25,19.4974,1.8844999999999992,241.20196527777776,3.4125,1092.0,274.0,7359.0,19.280866666666665
2007-08-03,17.722733333333334,2.089799999999999,234.48560416666663,3.207222222222222,958.0,0.0,9139.0,19.083166666666667
2007-01-12,24.35493333333333,3.318999999999999,241.5382083333333,4.309166666666667,0.0,439.0,8276.0,53.11356666666666
2008-03-02,19.37043333333333,2.4118333333333326,239.7462430555556,3.4250000000000003,0.0,5243.999999999999,2565.0,17.3425
2010-10-16,16.6669,2.798966666666665,241.91749305555552,2.936111111111112,0.0,645.0,7656.0,17.456366666666664
2007-08-07,24.726333333333333,2.186366666666666,234.55388194444444,4.425972222222222,437.0,2168.0,9042.0,18.758033333333334
2007-01-23,29.627333333333333,2.304666666666666,242.7625555555556,5.260833333333333,0.0,1063.9999999999998,5061.000000000001,49.79756666666667
2009-01-08,27.221166666666665,2.072899999999999,245.3507361111111,4.720694444444445,2773.0,299.0,10075.0,29.8117
2009-11-06,23.174166666666665,2.822566666666666,242.5681597222222,4.030972222222222,0.0,442.0,11326.0,25.95293333333333
2008-04-03,18.8126,2.020599999999999,240.69424305555552,3.2808333333333333,0.0,422.0,6901.0,27.198633333333333
2010-05-11,26.189466666666664,2.538333333333332,242.38307638888887,4.54375,1156.0,345.0,11417.999999999998,33.923633333333335
2010-10-31,24.607166666666664,3.4680333333333326,245.49527777777777,4.235138888888889,1430.0000000000002,677.9999999999999,5588.999999999999,23.053
2008-11-07,26.9864,1.8331333333333324,239.7517847222222,4.754583333333334,1032.0,389.0,10421.0,28.88563333333333
2010-07-24,15.361133333333331,4.764233333333332,240.2968680555556,2.786111111111111,0.0,2096.0,3892.000000000001,18.840166666666665
2008-09-20,21.74333333333333,2.6034,240.59411805555555,3.8055555555555554,0.0,369.9999999999999,12477.0,25.551166666666667
2010-05-09,26.1085,3.423066666666666,241.4013263888889,4.638472222222222,2888.0,2636.0,9945.0,24.464866666666666
2010-03-27,30.7995,3.251533333333332,240.41256944444444,5.393472222222222,1067.0,3080.0,12483.0,29.970233333333336
2010-07-09,18.057966666666665,5.234566666666666,240.79250694444443,3.3231944444444443,0.0,625.0,5356.0,19.24173333333333
2009-02-28,27.179166666666667,3.5431333333333326,242.39727777777776,4.834305555555555,1145.0000000000002,5358.0,8006.0,41.19531016949152
2007-05-30,26.8311,2.450966666666666,234.8313958333333,4.828472222222223,2250.0,5948.0,7804.0,15.6425
2009-08-07,8.988266666666666,3.6881666666666657,241.3577986111111,1.6958333333333335,0.0,668.0,4232.0,8.774533333333332
2009-03-21,32.167033333333336,3.294266666666666,242.5827222222222,5.671805555555555,5420.0,682.0,10266.000000000002,28.152833333333334
2010-04-16,26.034366666666667,2.8396666666666657,241.9918333333333,4.550694444444445,2837.0,592.0,12623.0,25.961866666666666
2009-05-16,33.4563,3.108366666666666,239.9887569444444,5.885416666666667,1705.0,4820.0,12265.0,25.7294
2009-06-25,12.856033333333333,3.066099999999999,241.17795138888889,2.3138888888888887,0.0,495.0,6224.0,21.2887
2007-05-22,18.880866666666662,2.148599999999999,235.4805763888889,3.399861111111111,931.0,3966.0,3984.000000000001,24.4156
2010-07-19,13.352633333333332,3.2082999999999995,241.84955555555555,2.395,0.0,549.0,6105.0,14.263733333333333
2008-05-13,24.6149,3.9411333333333327,240.3740625,4.391805555555556,822.9999999999999,4089.0,8369.999999999998,26.404366666666665
2010-02-08,43.0373,2.3291666666666657,241.99677777777777,7.4075,1161.0,431.0,19764.0,40.348866666666666
2010-04-03,30.087966666666667,3.444166666666666,243.24993055555555,5.170972222222222,1778.0,648.0,17694.0,28.17313333333333
2007-03-30,23.37323333333333,3.018799999999999,241.03922916666667,4.189583333333333,1094.0,468.0,8217.0,58.49183333333333
2008-07-29,19.442633333333333,3.4730666666666656,240.24888194444443,3.640833333333333,1570.9999999999998,530.0,5802.0,21.665133333333333
2010-06-06,29.1132,4.8531,241.4216180555556,5.288194444444444,7609.000000000001,574.0,11365.0,16.868033333333333
2010-02-16,29.9626,1.9934333333333325,243.7537638888889,5.148333333333333,1945.0,317.0,12820.0,34.242666666666665
2007-02-08,30.023566666666667,2.3149333333333324,241.7973055555556,5.248333333333334,2226.0,366.0,10157.0,27.0033
2007-05-21,18.6677,1.9546666666666657,234.69190972222225,3.338611111111111,0.0,468.0,9060.0,18.880866666666662
2008-01-28,38.46993333333333,1.7972666666666657,240.46677777777776,6.769583333333333,1142.0,280.0,12792.0,44.6004
2010-10-13,34.564766666666664,2.877399999999999,240.79931944444445,6.015833333333333,1988.0,611.0,16593.0,35.585366666666665
2007-07-16,14.2279,3.899333333333333,236.5072361111111,2.660555555555556,829.9999999999999,694.9999999999999,4176.0,11.993866666666667
2010-09-06,23.7146,2.6867333333333323,241.84175,4.206944444444445,3164.0,532.0,10174.0,24.197566666666667
2010-01-26,34.4594,2.182166666666665,243.33947916666668,5.903472222222223,526.0,395.0,16242.999999999998,46.015033333333335
2006-12-25,45.71866666666666,4.004666666666665,243.3999305555556,7.951527777777778,6620.0,1962.0,5795.000000000001,65.5685
2009-10-06,23.807466666666667,2.9879333333333324,241.18004861111112,4.170972222222223,0.999999999999996,542.9999999999999,8806.0,30.3639
2010-06-19,23.603666666666665,3.513466666666666,241.7036388888889,4.214166666666666,2385.0,1803.0,9554.0,27.875833333333333
2009-11-21,41.614266666666666,3.5217333333333327,240.62086805555555,7.281111111111111,5693.999999999999,1997.0,12553.0,40.8496
2008-03-17,28.448633333333333,2.921233333333333,240.80522916666663,5.006944444444445,236.0,6651.0,9346.0,31.959433333333333
2007-08-31,21.330366666666663,3.120933333333333,239.98570138888888,3.788472222222222,1200.0,666.0,8738.0,28.3581
2009-06-04,17.261,2.7443666666666657,240.01020138888887,3.083472222222222,1906.0,455.0,6905.000000000001,20.506
2010-05-22,34.92953333333333,3.544966666666665,239.55310416666663,6.156527777777778,2278.0,2441.0,17454.0,24.7926
2009-05-19,26.95573333333333,3.148066666666666,240.9929375,4.701527777777778,3253.0,792.0,10981.0,21.78603333333333
2010-11-09,33.701633333333334,2.577833333333333,237.78809027777777,5.985972222222222,2097.0,583.0,12500.0,32.442233333333334
2008-09-04,20.42033333333333,2.5311999999999992,238.6634930555556,3.6547222222222224,2225.0,404.0,9408.0,14.566
2007-12-01,52.24903333333334,4.814866666666666,240.2660833333333,9.191527777777775,9356.0,353.0,17847.0,49.10313333333333
2010-05-01,22.00263333333333,3.2087333333333325,240.64716666666664,3.929861111111111,1984.0,4884.999999999999,6751.0,36.46516666666666
2007-09-09,27.9917,3.4858666666666656,238.92214583333336,5.054027777777778,2184.0000000000005,4438.0,9233.0,18.62293333333333
2007-05-20,32.80546666666667,3.1255333333333324,235.3481180555556,5.941527777777778,5420.0,1733.0,7611.0,18.6677
2008-04-06,28.271966666666668,2.5095333333333323,241.14960416666665,4.9463888888888885,1124.0,2614.9999999999995,7552.0,25.6473
2008-09-21,25.551166666666667,3.437699999999999,240.9401597222222,4.560277777777778,4010.0,2381.0,8346.999999999998,22.64273333333333
2010-11-11,29.559866666666668,2.5364666666666658,238.7287083333333,5.255555555555556,3424.0,2216.0,6259.0,30.6137
2010-08-30,24.913366666666665,3.010933333333332,241.37439583333327,4.3825,940.0,1470.0,11790.0,22.751766666666665
2008-06-23,20.863266666666668,3.5159333333333325,238.93765277777777,3.791944444444444,2600.0,581.0,10124.0,29.24086666666667
2009-07-10,19.91183095238095,3.638828571428571,242.2438958333333,3.5328869047619045,988.0,2640.214285714286,7498.857142857142,16.566133333333333
2008-04-22,27.12793333333333,3.219166666666666,240.9597152777777,4.7725,971.0,5093.0,10603.0,22.62213333333333
2010-07-02,19.01546666666667,4.954966666666666,239.6301180555556,3.495,822.0,932.0,6337.0,18.6679
2010-03-16,25.710833333333333,2.7955999999999994,241.54007638888888,4.460972222222222,0.0,457.0,10083.0,33.4855
2007-05-16,28.215733333333333,2.2648999999999995,235.2608125,5.071805555555556,2213.0,5755.999999999999,9077.0,20.530266666666662
2008-01-27,39.6961,2.3459666666666656,241.3036736111111,6.984861111111111,3725.0,3818.0,7367.0,38.46993333333333
2009-08-05,8.6442,3.4648999999999988,242.3075763888889,1.6444444444444446,0.0,620.0,4042.0,8.877866666666666
2010-08-25,16.340133333333334,2.6855333333333324,241.1163055555556,2.944861111111111,969.0,522.0,8959.0,12.620866666666666
2008-10-10,25.305633333333333,2.467399999999999,239.63485416666663,4.436805555555555,0.0,389.0,12046.0,27.8231
2008-03-28,31.42373333333333,2.293999999999999,242.3233402777778,5.479027777777778,2324.9999999999995,3605.0,11581.0,41.185833333333335
2007-06-25,17.870033333333332,3.2878333333333325,240.4222638888889,3.25,1985.0,3621.0,4816.0,15.748466666666666
2010-02-20,33.062133333333335,2.520799999999999,241.7889652777777,5.745555555555555,3748.0,382.0,14470.0,45.6719
2008-08-20,4.474533333333333,2.9677333333333324,241.5437083333333,0.8833333333333333,0.0,437.0,1625.9999999999998,4.354966666666666
2007-05-13,27.24563333333333,3.6778333333333326,235.70870833333333,4.969166666666667,3612.0,2414.0,8957.999999999998,24.46303333333333
2009-01-10,35.04913333333333,2.695566666666666,244.1204861111111,6.088888888888889,2827.9999999999995,4288.0,12539.0,32.93313333333333
2009-09-03,20.853133333333336,3.5572999999999992,241.33006944444443,3.762083333333333,3319.0,3099.0,5011.0,17.073133333333335
2007-07-06,17.8254,3.655833333333333,240.59945138888887,3.268611111111112,2825.9999999999995,3563.0,4005.0,22.636766666666663
2009-05-22,17.913433333333334,3.954033333333333,241.96653472222224,3.2009722222222226,982.0,1207.0,8078.0,25.509966666666667
2007-09-26,30.449067816091954,2.81847816091954,239.4202459291188,5.383390804597702,1058.0,9420.620689655172,5676.103448275861,23.21
2007-10-10,19.44953333333333,2.212533333333332,239.42115972222223,3.488611111111112,1863.0,2117.0,3345.0,28.8741
2010-07-10,19.24173333333333,4.688033333333332,240.0625208333333,3.510277777777778,907.0,1239.9999999999998,8921.0,19.892866666666663
2008-01-25,37.33093333333333,1.9937666666666656,240.7054444444444,6.544027777777778,0.0,2421.0,11409.0,47.2498
2007-04-18,16.637433333333334,2.753733333333333,240.14677777777777,2.995416666666667,1579.0,355.0,3430.0000000000005,17.1443
2010-04-24,25.306966666666668,5.113966666666665,241.51611805555555,4.585416666666666,4445.0,1483.0,8222.999999999998,25.712366666666664
2007-07-11,12.0392,2.564266666666666,241.0300347222222,2.199444444444444,1015.0,647.0,5284.0,17.826366666666665
2009-04-04,36.52053333333333,3.3288,241.45065277777772,6.396527777777778,2699.0,4172.0,16251.000000000002,22.9286
2007-08-24,27.62204463276836,4.382836723163841,240.4951882062147,4.938488700564972,1895.3559322033896,3783.271186440678,9950.067796610168,19.18133333333333
2010-09-11,24.3885,3.9271666666666656,241.67075,4.311944444444444,930.0,1427.0,8995.999999999998,26.8682
2010-08-28,24.0476,3.9583999999999993,242.5658611111111,4.281805555555556,2086.0,549.0,12983.0,27.808
2010-02-26,35.33593333333333,2.3218333333333323,240.4256319444445,6.139305555555556,1146.0,2454.0,14821.0,29.4176
2008-01-09,29.80733333333333,2.088933333333332,241.25863888888887,5.231944444444444,1162.0,284.0,8963.0,31.567933333333333
2009-04-23,19.02433333333333,2.924233333333333,241.4946388888889,3.4022222222222225,1067.9999999999998,395.0,5511.000000000001,19.9008
2007-07-28,27.031033333333333,2.9788333333333323,235.5072361111111,4.941666666666666,907.0,10264.999999999998,6559.0,5.351933333333332
2008-09-22,22.64273333333333,2.525399999999999,240.2091597222222,4.012638888888889,1014.0,2448.0,10227.0,20.546466666666664
2006-12-18,36.73043333333333,2.696533333333333,241.23169444444443,6.421666666666667,1063.0,2621.0,14018.0,27.7699
2007-04-08,26.8136,2.264699999999999,240.3491805555556,4.719861111111111,0.0,485.00000000000006,3545.0,16.682
2008-11-18,29.15083333333333,2.3213666666666657,239.90204166666663,5.141805555555556,1079.0,369.0,11204.0,30.67063333333333
2010-09-18,20.7991,2.6996333333333324,241.55907638888888,3.662361111111111,982.0,754.0,11779.0,15.326666666666666
2009-08-02,8.162066666666666,3.4248666666666656,240.9415972222222,1.568472222222222,0.0,637.0,3539.0,8.338299999999998
2010-05-30,27.761666666666667,2.948199999999999,240.46701388888889,4.902083333333333,2405.0,2976.0,9707.999999999998,22.34103333333333
2010-06-29,22.798042937853108,5.381569491525423,240.3408330979284,4.160616760828625,1746.0,1978.745762711864,8264.745762711866,23.068933333333334
2008-03-06,41.72013333333334,1.7697333333333325,240.42922916666663,7.214583333333334,1082.0,372.0,6965.0,31.049266666666664
2010-02-09,40.348866666666666,2.3285333333333327,243.1503680555556,6.920138888888889,1214.0,410.00000000000006,19769.0,32.43072146892656
2008-10-14,26.8176,2.738099999999999,239.21572916666665,4.730138888888889,1177.0,442.0,9939.0,35.94826666666667
2010-07-18,13.533966666666666,2.8321666666666663,241.4502013888889,2.417638888888889,0.0,498.0,3943.0,13.352633333333332
2007-11-03,8.209166666666667,1.4687333333333323,240.1905069444444,1.4343055555555555,0.0,281.99999999999994,1936.0,24.761433333333333
2008-09-29,25.028966666666665,3.3238666666666656,240.2640208333333,4.4094444444444445,1014.0,363.0,10677.0,22.916766666666668
2008-11-29,40.5778,2.775166666666666,241.24075694444448,7.053611111111111,5268.0,2392.0,12386.0,40.02313333333333
2009-08-25,15.726833333333332,4.613766666666666,241.50986111111112,2.8891666666666667,1140.0,754.9999999999999,6291.0,18.942433333333334
2008-09-08,21.822066666666668,2.6762333333333324,241.38182638888887,3.8533333333333335,747.0,2293.0,9559.0,19.327566666666662
2008-09-13,27.1906,3.1032,240.1245486111111,4.820138888888889,930.0,5433.0,11807.0,26.2721
2010-06-04,23.6759,3.0874,240.27963888888883,4.203333333333333,1695.0,397.0,12517.0,33.49406666666667
2010-10-20,28.7994,2.709399999999999,242.248125,5.033611111111111,2154.0,690.0,10330.0,22.58663333333333
2010-06-10,20.253166666666665,2.8871,241.69444444444443,3.591527777777777,0.0,474.0,10870.000000000002,24.5112
2010-07-29,9.151733333333333,2.9544333333333324,240.38453472222216,1.6897222222222223,0.0,537.0,4158.0,9.187666666666669
2009-02-23,45.56093333333333,2.1633333333333327,241.24088194444445,7.873055555555556,1211.9999999999998,3744.0,12471.0,29.719066666666667
2008-09-26,23.8575,3.5262,240.393625,4.239583333333333,1220.9999999999995,370.0,10890.0,35.457433333333334
2009-10-04,27.01843333333333,3.7535,240.6988611111111,4.815138888888889,3189.0,3499.0,8980.0,21.2587
2008-06-29,12.4892,3.0610666666666657,240.1606458333333,2.331111111111111,955.0,535.0,3896.0,13.403266666666669
2008-11-01,13.841633333333332,1.8945333333333323,241.8102361111111,2.625694444444445,0.0,344.0,1939.0,15.1769
2008-07-20,15.692233333333332,2.8762666666666656,239.77769444444445,2.836388888888889,1943.0,1076.0,5457.0,19.27463333333333
2010-01-09,38.94833333333333,3.3233333333333324,243.8697361111111,6.733472222222222,2781.0,4855.0,14734.0,41.807766666666666
2010-03-31,32.06336666666667,3.3596333333333326,240.1941736111111,5.662916666666667,1067.0,6313.0,12040.999999999998,28.124
2008-05-28,18.572866666666663,3.927399999999999,241.32269444444444,3.350555555555556,3138.0000000000005,512.0,6709.0,18.91793333333333
2009-11-20,32.6836,2.4337666666666657,241.58236805555555,5.692222222222223,843.0,407.0,12816.0,41.614266666666666
2008-06-13,31.268410169491524,4.701323163841807,238.887597693032,5.607542372881356,2809.0,7372.779661016949,10534.050847457627,23.082
2010-04-11,26.72247514124294,2.918251977401129,241.4918694679849,4.7342961393596985,5499.0,554.0,8851.254237288136,23.99043333333333
2009-01-07,34.6712,2.3583999999999987,246.04063888888888,5.946805555555556,2687.0000000000005,3820.000000000001,9979.0,27.221166666666665
2010-08-01,9.261066666666666,3.074833333333333,239.8013055555556,1.7205555555555556,0.0,557.9999999999999,4263.0,9.158033333333332
2008-04-18,31.03983333333333,3.077433333333332,240.6415763888889,5.457638888888888,2174.0,3832.0,10921.0,37.56183333333333
2007-03-22,24.24963333333333,1.8970999999999991,241.76352777777777,4.223055555555556,353.0,736.0,10462.0,21.8168
2009-10-12,22.526733333333333,2.6285666666666656,240.2238263888889,3.968611111111111,997.0,515.0,9420.0,24.151666666666667
2008-07-06,30.0844,4.2263666666666655,240.59022916666663,5.359444444444445,4258.0,5230.0,7536.000000000001,16.389833333333332
2010-06-20,27.875833333333333,2.4013333333333327,240.3078333333333,4.924444444444444,1021.0,4195.0,12336.999999999998,27.6815
2009-01-01,23.444866666666663,1.877799999999999,242.8360625,4.149861111111111,765.0,3845.0,2803.0,38.79183333333334
2009-05-02,23.23183333333333,2.9936666666666656,241.88290277777776,4.0775,1430.0000000000002,374.0,9760.0,26.814633333333333
2009-05-30,27.651766666666667,3.894799999999999,241.1634097222222,4.903055555555556,2787.0,1707.0,11557.0,15.948166666666667
2009-10-30,24.8893,2.808899999999999,241.4803333333333,4.352083333333334,1779.0,2005.0,8828.0,31.2657
2007-07-15,16.835085243328102,4.4396676609105175,240.61547440258155,3.1055206698063844,862.0,848.0,5585.0,14.2279
2008-01-17,26.2047,1.9453,241.62799305555555,4.6450000000000005,1007.0,350.0,8657.0,36.4498
2009-02-22,37.307966666666665,2.930466666666666,241.3163055555556,6.534722222222222,3816.0,8576.0,7133.0,45.56093333333333
2009-05-09,21.02253333333333,3.0497333333333323,241.57422916666667,3.764444444444445,2089.9999999999995,382.0,6605.0,32.81403559322034
2008-01-22,38.7503,2.3910333333333327,240.0947777777777,6.92875,4670.0,7640.0,7552.0,31.3718
2009-01-25,47.3944,2.4627666666666657,242.54399305555555,8.151388888888889,3971.0,5960.0,11213.0,27.907866666666667
2010-07-22,19.407433333333334,5.188066666666666,241.18978472222216,3.501111111111112,0.0,2151.0,5603.999999999999,19.602633333333333
2010-05-28,23.30273333333333,2.7078333333333324,240.0395763888889,4.099027777777778,1020.0,413.0,11616.0,34.163466666666665
2009-10-20,28.713466666666665,2.5259666666666654,242.52750694444444,4.9750000000000005,760.0,450.0,11005.0,32.8251
2008-09-23,20.546466666666664,2.752133333333332,240.1833611111111,3.6841666666666666,0.0,2168.0,7920.0,28.639166666666664
2008-08-24,4.245266666666666,2.7318333333333324,241.61341666666667,0.8263888888888888,0.0,404.0,1523.0,4.171633333333332
2009-08-11,15.849233333333334,5.124166666666666,241.8414930555556,2.94875,857.0,1467.0,6577.0,13.7406
2008-12-15,29.924166666666668,1.8957333333333324,243.03920138888887,5.190972222222222,1178.0,252.0,9668.0,29.9515
2008-11-03,14.126666666666669,1.9207999999999992,241.76511805555552,2.665,963.0,347.0,1892.0,26.0386
2007-03-25,55.60790903954802,3.9345248587570616,240.0348468691149,9.71660781544256,4630.0,3600.0169491525426,9358.0,23.601366666666667
2009-03-04,30.702166666666667,2.1572333333333327,242.3844861111111,5.397222222222222,2214.0,2569.9999999999995,8393.0,24.0302
2008-01-31,32.56536666666666,2.2929333333333326,241.88575,5.793333333333333,1165.0,267.0,9437.0,25.57753333333333
2008-05-06,29.833,3.3266,240.29031944444444,5.245972222222222,1354.0,5410.0,12199.999999999998,19.6044
2009-12-02,39.09446666666667,2.8371666666666657,241.6693125,6.819722222222223,1143.0,7052.0,12851.0,24.661466666666666
2009-11-17,28.471566666666668,2.793799999999999,242.6605972222222,4.913472222222223,0.0,453.0,11616.0,43.98623333333333
2009-07-11,16.566133333333333,4.157866666666666,242.21479166666663,3.0181944444444446,981.0,683.0,7756.000000000001,8.557966666666665
2009-02-07,52.19226666666667,3.077399999999999,242.0509236111111,9.080972222222222,6822.0,4483.0,17873.0,36.3811
2007-07-09,19.6693,2.873699999999999,240.6176458333333,3.51625,923.0,594.0,9386.0,15.138733333333333
2007-05-04,16.635466666666666,2.9123333333333323,235.71019444444445,3.078055555555556,2259.0,538.0,3990.0,26.050866666666664
2009-11-12,24.38443333333333,2.553299999999999,242.2066736111111,4.253333333333333,1486.0,429.0,9403.0,25.548766666666666
2007-01-26,26.9662,2.381699999999999,242.77179166666664,4.721388888888889,1163.0,261.0,8238.0,34.06786666666667
2009-10-09,22.531033333333333,3.140299999999999,240.8101527777777,3.953611111111112,0.0,559.0,10718.0,33.54593333333333
2007-08-08,18.758033333333334,1.9849333333333328,234.512375,3.380555555555556,1055.0,1111.0,9660.0,17.86133333333333
2008-01-03,25.168466666666667,2.019699999999999,243.0774583333333,4.401666666666666,1130.0000000000002,846.0,6670.999999999999,38.19753333333333
2007-10-05,23.234866666666665,2.5106,238.8271111111111,4.089722222222222,0.0,350.99999999999994,9425.0,29.270666666666667
2008-02-12,33.12996666666667,2.182433333333332,239.50915277777776,5.847083333333334,2009.0,1856.0,12137.999999999998,31.674966666666663
2008-01-16,35.59753333333333,2.1488333333333323,240.4221458333333,6.319583333333333,1162.0,3430.0,9391.0,26.2047
2008-08-04,18.78321468926553,3.2296090395480217,237.86342620056496,3.4182132768361577,596.0,4685.949152542373,4411.64406779661,13.7853
2010-03-07,22.87453333333333,2.232466666666665,243.5517430555556,3.966666666666667,0.0,4673.999999999999,3679.0,42.6183
2009-12-17,28.6197,2.4828333333333323,246.89413194444444,4.84125,0.0,308.0,14395.0,29.078433333333333
2008-09-28,28.85173333333333,2.7327999999999992,240.27841666666663,5.079583333333333,1920.0,385.0,11241.999999999998,25.028966666666665
2010-02-25,31.33673333333333,2.181299999999999,240.98316666666665,5.405833333333334,0.0,474.0,15120.0,35.33593333333333
2008-05-24,26.336266666666667,4.759166666666665,240.72490277777777,4.669027777777778,1027.0,569.0,12833.0,34.141733333333335
2007-02-19,36.44356666666667,2.943066666666666,239.78958333333333,6.442222222222223,1634.0,2899.9999999999995,13085.0,52.4988
2006-12-31,58.2366,2.514199999999999,239.8965763888889,10.199583333333331,0.0,347.0,6502.0,45.81673333333333
2010-03-28,29.970233333333336,4.340466666666666,241.37355555555555,5.323888888888889,1083.0,7895.000000000001,7118.0,27.04563333333333
2009-11-25,33.00216666666667,2.924599999999999,241.17878472222225,5.770277777777778,745.0,5083.0,10596.0,26.660433333333334
2008-04-26,15.052766666666669,2.811599999999999,240.7925625,2.634027777777778,0.0,634.0,3586.0,16.804
2008-01-04,38.19753333333333,2.278433333333332,241.2733819444444,6.715138888888888,1241.0,5326.0,11752.0,36.38746666666667
2007-06-26,15.748466666666666,3.0403333333333324,240.09450694444445,2.877083333333333,971.0,1334.0,5231.0,24.680433333333333
2009-01-22,20.6226,1.9266666666666656,244.00635416666668,3.59,0.0,341.0,8246.0,31.842266666666667
2007-07-25,7.875999999999999,1.803899999999999,235.64104861111107,1.4793055555555554,0.0,151.0,2333.0,15.408333333333331
2009-02-19,12.2878,1.656299999999999,241.54959027777767,2.111527777777778,1046.0,262.0,1796.0,31.3456
2009-12-07,29.043966666666662,2.7514666666666656,242.5435972222222,5.065833333333333,1132.0,358.0,10291.0,33.44806666666667
2009-05-17,25.7294,3.774333333333333,240.30072916666663,4.605416666666667,2555.0,1926.0,7168.0,20.1651
2007-11-23,42.04363333333333,2.315199999999999,240.7223680555556,7.340694444444444,2168.0,6181.0,13685.0,31.6509
2008-12-09,33.385733333333334,2.2085999999999992,243.5556527777777,5.757638888888889,1985.0,2553.0,12886.0,37.585475
2007-10-12,31.9084,2.2997333333333323,238.4813125,5.667083333333333,1020.0,5028.000000000001,11659.0,32.11213333333333
2009-10-08,26.2861,3.110233333333332,241.06977777777777,4.583888888888889,2090.9999999999995,619.0,11568.0,22.531033333333333
2010-07-01,22.483366666666665,4.807533333333333,239.3142152777777,4.051944444444445,877.0,921.0,7438.0,19.01546666666667
2008-03-20,20.8879,2.0142333333333324,241.7625833333333,3.659583333333333,1107.0,478.0,6670.0,34.4407
2010-11-22,34.0256,2.372566666666666,240.1971180555556,6.014166666666667,4855.0,2110.0,10136.0,26.292266666666663
2009-03-15,32.3677,2.962533333333333,241.77111111111108,5.69625,3478.0,5152.0,8353.0,22.29335649717514
2007-09-16,27.537066666666664,3.205866666666666,239.56046527777772,4.96625,3118.0,3064.0,9310.0,24.3531
2009-09-17,20.39043333333333,2.7880333333333325,241.36065277777777,3.610833333333333,0.0,563.0,9710.0,22.90053333333333
2007-07-10,15.138733333333333,2.937399999999999,239.98305555555555,2.786111111111111,67.0,2227.0,4631.0,12.0392
2007-05-31,15.6425,2.1597666666666657,235.09652777777777,2.7918055555555554,935.0,477.0,3552.0,17.424609604519773
2008-12-19,31.36853333333333,2.202566666666665,241.8661736111111,5.480138888888889,1538.0,296.0,11773.0,37.411957627118646
2008-01-26,47.2498,2.807033333333333,239.7602083333333,8.366666666666667,4925.0,311.0,15606.000000000002,39.6961
2008-11-22,28.5228,2.0811333333333324,239.7318125,5.0495833333333335,1093.0,882.0000000000001,8320.0,56.7859779661017
2010-02-02,35.9572,2.1861333333333324,243.33281944444445,6.148333333333333,0.0,382.0,21536.0,48.38356666666667
2008-07-08,18.770233333333334,3.271966666666666,239.700625,3.3713888888888888,991.0,503.0,7592.0,15.321966666666668
2009-10-13,24.151666666666667,2.7565333333333326,240.2472847222222,4.249722222222222,983.0,530.0,9529.999999999998,28.5204
2009-10-17,45.70133333333334,4.352533333333332,238.8905625,8.045555555555556,5489.999999999999,4364.0,18326.0,25.936066666666665
2010-01-04,26.735533333333333,2.606733333333332,245.6991180555556,4.599444444444444,0.0,292.0,10812.0,36.99633333333333
2007-07-14,21.4695,4.307499999999999,241.2918819444444,3.8940277777777776,3775.0,1968.0,6604.0,16.835085243328102
2007-01-20,52.22886666666667,3.9727,238.8674722222222,9.348055555555556,4324.0,5222.0,11440.0,56.7877
2009-02-03,31.13983333333333,2.050166666666666,244.3027222222222,5.3438888888888885,703.0,877.9999999999999,14984.0,41.0154
2008-05-12,25.4034,3.818999999999999,241.041625,4.519444444444445,2082.0,1085.0,11959.0,24.6149
2010-11-03,21.55496666666667,2.937733333333332,244.2785347222222,3.7595833333333335,1021.0,1108.0,6529.0,42.585766666666665
2007-03-18,39.51743333333333,4.024166666666666,241.04781944444449,7.007916666666667,6564.0,7369.0,5856.0,35.8753
2009-06-05,20.506,2.6158333333333323,239.8632083333333,3.65,0.0,456.0,12514.999999999998,24.59083333333333
2008-07-07,16.389833333333332,3.380166666666666,239.63371527777772,2.968611111111111,2171.0,592.0,7149.0,18.770233333333334
2009-02-04,41.0154,2.5267333333333326,244.68669444444444,7.041388888888889,871.0,6960.999999999999,15960.0,27.4848
2007-08-19,23.7049,2.666966666666666,239.95366666666663,4.2619444444444445,1025.0,8912.0,5989.0,22.31403333333333
2006-12-30,46.64385977011494,5.211052873563218,240.53442097701148,8.308347701149424,3097.2758620689656,7935.448275862069,12514.172413793103,58.2366
2007-11-01,8.270266666666666,1.4174333333333322,240.93840277777772,1.4359722222222222,0.0,293.0,1991.0,24.060033333333333
2008-08-12,4.816399999999999,3.117366666666666,240.0482847222222,0.9534722222222222,0.0,462.0,1844.0,4.709733333333332
2008-01-12,47.8568,2.712066666666666,239.96018055555555,8.523888888888889,5594.0,2621.0,11116.0,48.09082711864407
2010-07-23,19.602633333333333,4.754666666666666,239.88291666666663,3.523333333333333,897.0,2106.0,8295.0,15.361133333333331
2007-06-05,24.314866666666667,4.2615333333333325,234.6927638888889,4.465138888888889,4484.0,1027.0,6448.0,28.26410790960452
2009-04-09,31.50786666666667,2.9489333333333327,242.2968263888889,5.464583333333334,2682.0,366.0,13482.0,30.7019
2007-01-06,25.13963333333333,3.2031333333333323,239.67305555555552,4.543888888888889,1336.0,402.0,5678.0,40.79366666666667
2008-09-27,35.457433333333334,4.283999999999999,240.14647916666664,6.258611111111112,4347.0,2584.0,12688.0,28.85173333333333
2010-02-27,29.4176,2.5398333333333323,241.54445833333327,5.150833333333334,3743.0,441.00000000000006,14357.999999999998,11.8611
2009-03-31,30.391366666666663,2.299799999999999,242.16790277777773,5.309027777777778,2201.9999999999995,2711.0,12958.0,27.35233333333333
2010-06-23,24.0344,4.941366666666666,239.9985833333333,4.383194444444444,5740.0,1500.0,10188.0,18.263
2008-07-05,24.4848,3.746333333333333,239.5647708333333,4.386527777777777,1875.0,6754.0,8365.0,30.0844
2010-10-19,32.09963333333334,3.659499999999999,241.91278472222223,5.653055555555556,1025.0,4110.0,9461.0,28.7994
2008-11-06,26.473966666666666,3.0244666666666657,240.39021527777777,4.726666666666668,1033.0,430.0,6734.0,26.9864
2009-08-08,8.774533333333332,3.567799999999999,241.72709722222223,1.6597222222222223,0.0,646.0,4093.0,16.637233333333334
2007-06-28,21.590633333333333,3.6241,239.42366666666663,3.889583333333333,0.0,4368.0,9541.0,21.74006779661017
2009-08-28,18.647366666666667,4.1148333333333325,240.8744375,3.3722222222222222,1778.0,1125.0,7485.0,23.14023333333333
2008-11-19,30.67063333333333,2.774199999999999,240.5396180555556,5.412916666666667,1737.0,3026.0,8704.0,28.2056
2008-05-14,26.404366666666665,4.6229,240.7085138888889,4.713333333333333,2467.0,3436.0,9716.0,19.379466666666666
2009-12-13,35.6469,3.703166666666666,244.49759722222225,6.164861111111112,3984.000000000001,417.0,13178.0,29.914366666666663
2008-04-08,44.29193333333333,3.069599999999999,242.0665833333333,7.6994444444444445,2751.9999999999995,10713.0,17519.0,20.3142
2009-04-25,33.70473333333333,3.926533333333333,240.50833333333333,5.936111111111111,2007.0,3901.0,13225.0,29.693766666666665
2009-01-06,28.164366666666663,1.9259333333333324,245.09266666666667,4.834027777777778,0.0,254.0,12462.0,34.6712
2007-08-30,20.040966666666662,3.1841333333333326,240.5731736111111,3.604305555555555,3822.0,2580.0,4221.0,21.330366666666663
2007-01-07,40.79366666666667,4.101233333333332,240.9024861111111,7.282638888888889,1987.0,8177.0,12810.0,37.356
2010-09-07,24.197566666666667,2.799366666666666,241.27515972222224,4.307083333333334,1929.0,922.0,11828.999999999998,21.7302
2008-03-24,32.939037288135594,2.1852802259887,242.70637441148776,5.758808851224106,1139.7627118644066,5988.627118644068,7019.101694915255,33.5976
2010-04-01,28.124,2.4077333333333324,241.7541597222222,4.879027777777778,1780.0000000000002,516.9999999999999,14393.0,27.47703333333333
2007-09-23,23.63283333333333,4.049566666666666,239.5004305555556,4.28,2831.0,1929.0,7382.0,22.5755
2009-08-06,8.877866666666666,3.579766666666666,241.22875,1.677361111111111,0.0,659.0,4193.0,8.988266666666666
2010-05-02,36.46516666666666,3.8996666666666657,240.38825,6.4225,1858.0,7965.999999999999,14453.999999999998,23.5217
2008-01-10,31.567933333333333,2.008399999999999,240.8071388888889,5.594583333333333,1307.0,284.99999999999994,9992.0,28.4303
2009-03-05,24.0302,1.8743666666666656,241.67960416666665,4.253333333333333,0.0,271.0,9094.0,29.724566666666664
2007-11-29,28.65884293785311,1.9800141242937848,242.73392502354048,5.01592043314501,2030.9999999999995,283.20338983050846,8818.0,38.86213333333333
2009-01-28,45.362233333333336,1.933666666666665,243.03222222222223,7.830972222222222,2301.0,6949.0,14285.0,26.2283
2010-09-02,23.2082,2.8385333333333325,240.94371527777776,4.08875,929.0,500.00000000000006,11785.0,22.44023333333333
2007-04-26,21.257766666666665,2.726766666666665,234.78729861111108,3.92375,1324.0,1844.9999999999995,7163.0,18.238866666666667
2009-05-10,32.81403559322034,3.419501694915253,241.06985334274952,5.8465819209039545,4299.999999999999,6672.3050847457625,8710.762711864407,25.286266666666663
2010-01-27,46.015033333333335,2.4793666666666656,241.98610416666668,7.99013888888889,2044.0,6403.0,18154.0,35.170566666666666
2010-11-10,32.442233333333334,2.5578666666666656,239.08477083333327,5.716666666666666,1026.0,5858.0,13307.999999999998,29.559866666666668
2007-03-14,29.8894,2.625366666666665,240.77729166666663,5.2675,3485.0,480.0,8607.0,31.413566666666668
2007-11-16,38.4959,2.0662999999999987,240.9835138888889,6.718055555555555,1991.0,4660.0,13564.0,43.50156666666667
2010-05-25,19.9771,3.3977666666666657,240.26304861111112,3.5909722222222222,474.0,451.0,10439.0,23.1314
2008-03-31,22.9595,2.1809999999999987,242.72704166666665,4.005972222222222,1090.9999999999998,411.0,9387.0,35.4842
2007-04-17,20.395566666666667,3.639233333333332,240.19566666666665,3.690833333333333,1532.0,389.0,6199.0,16.637433333333334
2009-11-05,26.007766666666665,2.651066666666666,241.66527777777776,4.538611111111111,1104.9999999999998,532.0,9868.0,23.174166666666665
2009-12-26,36.39363333333333,2.681399999999999,242.46571527777772,6.306388888888889,1186.0,4294.0,16047.0,36.59086666666667
2010-02-03,48.38356666666667,3.0615333333333323,242.3880763888889,8.37,2234.0,8423.0,21130.0,38.6045
2010-07-20,14.263733333333333,3.640999999999999,241.6489861111111,2.5684722222222223,9.0,550.0,5178.0,17.7361
2009-04-29,27.744666666666667,2.360266666666666,242.18654166666667,4.858472222222223,1043.0,2492.0,9372.0,30.579366666666665
2010-01-30,47.3788,3.933266666666666,242.0793958333333,8.307222222222222,3240.0,7544.0,17890.999999999996,29.9866
